CN,INVYR,STATECD,COUNTYCD,O3PLOT,FIELD_ID,LOCATION_CNT,GROUND_LOC_CD,MEASYEAR,PLANT_INJ_CNT,PLANT_EVAL_CNT,PLANT_RATIO,SPECIES_EVAL_CNT,BIOSITE_INDEX,BIOSITE_INDEX_MULTIPLIER,SVRTY_CLASS_ZERO,SVRTY_CLASS_ONE,SVRTY_CLASS_TWO,SVRTY_CLASS_THREE,SVRTY_CLASS_FOUR,SVRTY_CLASS_FIVE,CREATED_DATE,MODIFIED_DATE
226075371010661,1997,39,1,11491.0,1149,1.0,1,1997,0.0,59.0,0.0,2.0,0.0,0.0,100.0,0.0,0.0,0.0,0.0,0.0,2010-06-07 08:51:53,
226075358010661,1997,39,5,9191.0,919,1.0,1,1997,4.0,88.0,0.04545455,3.0,0.00966053,9.66053,101.0,1.0,0.0,1.0,2.0,0.0,2010-06-07 08:51:51,
226075357010661,1997,39,29,9611.0,961,1.0,1,1997,0.0,65.0,0.0,3.0,0.0,0.0,100.0,0.0,0.0,0.0,0.0,0.0,2010-06-07 08:51:50,
226075359010661,1997,39,67,10341.0,1034,1.0,1,1997,0.0,74.0,0.0,3.0,0.0,0.0,100.0,0.0,0.0,0.0,0.0,0.0,2010-06-07 08:51:51,
226075356010661,1997,39,69,3461.0,346,1.0,1,1997,1.0,93.0,0.01075269,3.0,0.00275172,2.75172,99.0,0.0,0.0,1.0,0.0,0.0,2010-06-07 08:51:50,
226075363010661,1997,39,73,2051.0,205,1.0,1,1997,20.0,77.0,0.25974026,3.0,0.03538814,35.38814,78.0,13.0,5.0,5.0,3.0,0.0,2010-06-07 08:51:52,
226075367010661,1997,39,79,1841.0,184,1.0,1,1997,11.0,62.0,0.17741935,3.0,0.0157825,15.7825,82.0,2.0,6.0,10.0,0.0,0.0,2010-06-07 08:51:52,
226075360010661,1997,39,81,8041.0,804,1.0,1,1997,6.0,86.0,0.06976744,3.0,0.01557429,15.57429,93.0,0.0,1.0,3.0,2.0,0.0,2010-06-07 08:51:51,
226075372010661,1997,39,87,301.0,30,1.0,1,1997,14.0,89.0,0.15730337,3.0,0.04116917,41.16917,84.0,1.0,4.0,6.0,3.0,1.0,2010-06-07 08:51:53,
226075366010661,1997,39,105,2421.0,242,1.0,1,1997,0.0,66.0,0.0,2.0,0.0,0.0,100.0,0.0,0.0,0.0,0.0,0.0,2010-06-07 08:51:52,
226075361010661,1997,39,119,5291.0,529,1.0,1,1997,0.0,46.0,0.0,2.0,0.0,0.0,100.0,0.0,0.0,0.0,0.0,0.0,2010-06-07 08:51:51,
226075362010661,1997,39,127,10451.0,1045,1.0,1,1997,4.0,62.0,0.06451613,3.0,0.01032982,10.32982,94.0,0.0,0.0,2.0,5.0,0.0,2010-06-07 08:51:51,
226075370010661,1997,39,131,4601.0,460,1.0,1,1997,1.0,89.0,0.01123596,3.0,0.00249375,2.49375,99.0,0.0,0.0,1.0,0.0,0.0,2010-06-07 08:51:53,
226075369010661,1997,39,141,3841.0,384,1.0,1,1997,3.0,59.0,0.05084746,3.0,0.02536444,25.36444,98.0,0.0,2.0,2.0,2.0,0.0,2010-06-07 08:51:53,
226075368010661,1997,39,141,14121.0,1412,1.0,1,1997,0.0,89.0,0.0,3.0,0.0,0.0,100.0,0.0,0.0,0.0,0.0,0.0,2010-06-07 08:51:52,
226075374010661,1997,39,145,451.0,45,1.0,1,1997,0.0,75.0,0.0,3.0,0.0,0.0,100.0,0.0,0.0,0.0,0.0,0.0,2010-06-07 08:51:53,
226075373010661,1997,39,145,1531.0,153,1.0,1,1997,0.0,72.0,0.0,3.0,0.0,0.0,100.0,0.0,0.0,0.0,0.0,0.0,2010-06-07 08:51:53,
226075365010661,1997,39,163,1141.0,114,1.0,1,1997,5.0,85.0,0.05882353,3.0,0.01727957,17.27957,93.0,0.0,1.0,5.0,1.0,0.0,2010-06-07 08:51:52,
226075364010661,1997,39,163,1921.0,192,1.0,1,1997,0.0,81.0,0.0,3.0,0.0,0.0,100.0,0.0,0.0,0.0,0.0,0.0,2010-06-07 08:51:52,
226077118010661,1998,39,1,11491.0,1149,1.0,1,1998,0.0,72.0,0.0,3.0,0.0,0.0,100.0,0.0,0.0,0.0,0.0,0.0,2010-06-07 09:32:55,
226077105010661,1998,39,5,9191.0,919,1.0,1,1998,0.0,40.0,0.0,2.0,0.0,0.0,100.0,0.0,0.0,0.0,0.0,0.0,2010-06-07 09:32:53,
226077104010661,1998,39,29,9611.0,961,1.0,1,1998,1.0,90.0,0.01111111,3.0,0.00161839,1.61839,99.0,0.0,1.0,0.0,0.0,0.0,2010-06-07 09:32:53,
226077106010661,1998,39,67,10341.0,1034,1.0,1,1998,11.0,62.0,0.17741935,3.0,0.05626778,56.26778,94.0,5.0,5.0,5.0,2.0,3.0,2010-06-07 09:32:53,
226077103010661,1998,39,69,3461.0,346,1.0,1,1998,5.0,57.0,0.0877193,3.0,0.00943056,9.43056,91.0,2.0,0.0,5.0,2.0,0.0,2010-06-07 09:32:52,
226077110010661,1998,39,73,2051.0,205,1.0,1,1998,14.0,27.0,0.51851852,2.0,0.05312122,53.12122,48.0,11.0,22.0,19.0,0.0,0.0,2010-06-07 09:32:54,
226077114010661,1998,39,79,1841.0,184,1.0,1,1998,8.0,25.0,0.32,2.0,0.04598661,45.98661,96.0,4.0,16.0,12.0,0.0,0.0,2010-06-07 09:32:55,
226077107010661,1998,39,81,8041.0,804,1.0,1,1998,5.0,56.0,0.08928571,3.0,0.00235298,2.35298,89.0,2.0,13.0,2.0,2.0,0.0,2010-06-07 09:32:53,
226077119010661,1998,39,87,301.0,30,1.0,1,1998,0.0,57.0,0.0,3.0,0.0,0.0,100.0,0.0,0.0,0.0,0.0,0.0,2010-06-07 09:32:55,
226077113010661,1998,39,105,2421.0,242,1.0,1,1998,6.0,42.0,0.14285714,3.0,0.01177451,11.77451,90.0,7.0,7.0,10.0,0.0,0.0,2010-06-07 09:32:55,
226077108010661,1998,39,119,5291.0,529,1.0,1,1998,0.0,51.0,0.0,3.0,0.0,0.0,100.0,0.0,0.0,0.0,0.0,0.0,2010-06-07 09:32:53,
226077109010661,1998,39,127,10451.0,1045,1.0,1,1998,6.0,11.0,0.54545455,1.0,0.06254545,62.54545,82.0,0.0,45.0,9.0,0.0,0.0,2010-06-07 09:32:54,
226077117010661,1998,39,131,4601.0,460,1.0,1,1998,0.0,71.0,0.0,3.0,0.0,0.0,100.0,0.0,0.0,0.0,0.0,0.0,2010-06-07 09:32:55,
226077116010661,1998,39,141,3841.0,384,1.0,1,1998,0.0,60.0,0.0,3.0,0.0,0.0,100.0,0.0,0.0,0.0,0.0,0.0,2010-06-07 09:32:55,
226077115010661,1998,39,141,14121.0,1412,1.0,1,1998,1.0,73.0,0.01369863,3.0,0.00371556,3.71556,99.0,0.0,0.0,0.0,0.0,1.0,2010-06-07 09:32:55,
226077121010661,1998,39,145,451.0,45,1.0,1,1998,3.0,30.0,0.1,3.0,0.00902667,9.02667,90.0,0.0,7.0,3.0,0.0,0.0,2010-06-07 09:32:56,
226077120010661,1998,39,145,1531.0,153,1.0,1,1998,0.0,30.0,0.0,3.0,0.0,0.0,100.0,0.0,0.0,0.0,0.0,0.0,2010-06-07 09:32:55,
226077112010661,1998,39,163,1141.0,114,1.0,1,1998,4.0,43.0,0.09302326,3.0,0.04121905,41.21905,91.0,0.0,5.0,0.0,5.0,0.0,2010-06-07 09:32:54,
226077111010661,1998,39,163,1921.0,192,1.0,1,1998,8.0,29.0,0.27586207,2.0,0.05352667,53.52667,62.0,3.0,17.0,17.0,0.0,0.0,2010-06-07 09:32:54,
226079628010661,1999,39,1,11491.0,1149,1.0,1,1999,0.0,74.0,0.0,3.0,0.0,0.0,100.0,0.0,0.0,0.0,0.0,0.0,2010-06-07 09:50:18,
226079615010661,1999,39,5,9191.0,919,1.0,1,1999,0.0,50.0,0.0,3.0,0.0,0.0,100.0,0.0,0.0,0.0,0.0,0.0,2010-06-07 09:50:17,
226079616010661,1999,39,67,10341.0,1034,1.0,1,1999,0.0,20.0,0.0,2.0,0.0,0.0,100.0,0.0,0.0,0.0,0.0,0.0,2010-06-07 09:50:17,
226079614010661,1999,39,69,3461.0,346,1.0,1,1999,0.0,38.0,0.0,3.0,0.0,0.0,100.0,0.0,0.0,0.0,0.0,0.0,2010-06-07 09:50:17,
226079620010661,1999,39,73,2051.0,205,1.0,1,1999,0.0,55.0,0.0,4.0,0.0,0.0,100.0,0.0,0.0,0.0,0.0,0.0,2010-06-07 09:50:17,
226079624010661,1999,39,79,1841.0,184,1.0,1,1999,2.0,24.0,0.08333333,2.0,0.01214286,12.14286,113.0,4.0,50.0,17.0,8.0,0.0,2010-06-07 09:50:18,
226079617010661,1999,39,81,8041.0,804,1.0,1,1999,0.0,20.0,0.0,2.0,0.0,0.0,100.0,0.0,0.0,0.0,0.0,0.0,2010-06-07 09:50:17,
226079629010661,1999,39,87,301.0,30,1.0,1,1999,0.0,30.0,0.0,1.0,0.0,0.0,100.0,0.0,0.0,0.0,0.0,0.0,2010-06-07 09:50:18,
226079623010661,1999,39,105,2421.0,242,1.0,1,1999,12.0,37.0,0.32432432,3.0,0.02574245,25.74245,86.0,14.0,16.0,5.0,0.0,0.0,2010-06-07 09:50:18,
226079618010661,1999,39,119,5291.0,529,1.0,1,1999,0.0,73.0,0.0,3.0,0.0,0.0,100.0,0.0,0.0,0.0,0.0,0.0,2010-06-07 09:50:17,
226079619010661,1999,39,127,10451.0,1045,1.0,1,1999,0.0,33.0,0.0,3.0,0.0,0.0,100.0,0.0,0.0,0.0,0.0,0.0,2010-06-07 09:50:17,
226079627010661,1999,39,131,4601.0,460,1.0,1,1999,0.0,78.0,0.0,3.0,0.0,0.0,100.0,0.0,0.0,0.0,0.0,0.0,2010-06-07 09:50:18,
226079626010661,1999,39,141,3841.0,384,1.0,1,1999,0.0,54.0,0.0,3.0,0.0,0.0,100.0,0.0,0.0,0.0,0.0,0.0,2010-06-07 09:50:18,
226079625010661,1999,39,141,14121.0,1412,1.0,1,1999,0.0,74.0,0.0,3.0,0.0,0.0,100.0,0.0,0.0,0.0,0.0,0.0,2010-06-07 09:50:18,
226079631010661,1999,39,145,451.0,45,1.0,1,1999,0.0,36.0,0.0,3.0,0.0,0.0,100.0,0.0,0.0,0.0,0.0,0.0,2010-06-07 09:50:18,
226079630010661,1999,39,145,1531.0,153,1.0,1,1999,0.0,31.0,0.0,3.0,0.0,0.0,100.0,0.0,0.0,0.0,0.0,0.0,2010-06-07 09:50:18,
226079622010661,1999,39,163,1141.0,114,1.0,1,1999,3.0,47.0,0.06382979,4.0,0.00589219,5.89219,36.0,23.0,13.0,15.0,9.0,4.0,2010-06-07 09:50:17,
226079621010661,1999,39,163,1921.0,192,1.0,1,1999,5.0,36.0,0.13888889,3.0,0.00438155,4.38155,50.0,6.0,28.0,11.0,0.0,6.0,2010-06-07 09:50:17,
226145413010661,2000,39,67,10341.0,1034,1.0,1,2000,8.0,90.0,0.08888889,3.0,0.01568056,15.68056,91.0,2.0,6.0,0.0,0.0,1.0,2010-06-07 10:09:53,
226145426010661,2000,39,1,11491.0,1149,1.0,1,2000,0.0,90.0,0.0,3.0,0.0,0.0,100.0,0.0,0.0,0.0,0.0,0.0,2010-06-07 10:09:54,
226145412010661,2000,39,5,9191.0,919,1.0,1,2000,0.0,111.0,0.0,4.0,0.0,0.0,100.0,0.0,0.0,0.0,0.0,0.0,2010-06-07 10:09:52,
226145411010661,2000,39,29,9611.0,961,1.0,1,2000,0.0,100.0,0.0,4.0,0.0,0.0,100.0,0.0,0.0,0.0,0.0,0.0,2010-06-07 10:09:52,
226145410010661,2000,39,69,3461.0,346,1.0,1,2000,0.0,90.0,0.0,3.0,0.0,0.0,100.0,0.0,0.0,0.0,0.0,0.0,2010-06-07 10:09:52,
226145418010661,2000,39,73,2051.0,205,1.0,1,2000,0.0,107.0,0.0,4.0,0.0,0.0,100.0,0.0,0.0,0.0,0.0,0.0,2010-06-07 10:09:53,
226145422010661,2000,39,79,1841.0,184,1.0,1,2000,0.0,66.0,0.0,3.0,0.0,0.0,100.0,0.0,0.0,0.0,0.0,0.0,2010-06-07 10:09:54,
226145414010661,2000,39,81,8041.0,804,1.0,1,2000,7.0,66.0,0.10606061,3.0,0.01725789,17.25789,89.0,6.0,0.0,3.0,2.0,0.0,2010-06-07 10:09:53,
226145427010661,2000,39,87,301.0,30,1.0,1,2000,0.0,131.0,0.0,5.0,0.0,0.0,100.0,0.0,0.0,0.0,0.0,0.0,2010-06-07 10:09:54,
226145421010661,2000,39,105,2421.0,242,1.0,1,2000,20.0,80.0,0.25,3.0,0.1548,154.8,75.0,0.0,5.0,3.0,8.0,10.0,2010-06-07 10:09:53,
226145415010661,2000,39,119,5291.0,529,1.0,1,2000,0.0,90.0,0.0,3.0,0.0,0.0,100.0,0.0,0.0,0.0,0.0,0.0,2010-06-07 10:09:53,
226145417010661,2000,39,127,10451.0,1045,1.0,1,2000,2.0,69.0,0.02898551,4.0,0.00226181,2.26181,97.0,1.0,1.0,0.0,0.0,0.0,2010-06-07 10:09:53,
226145425010661,2000,39,131,4601.0,460,1.0,1,2000,0.0,83.0,0.0,4.0,0.0,0.0,100.0,0.0,0.0,0.0,0.0,0.0,2010-06-07 10:09:54,
226145424010661,2000,39,141,3841.0,384,1.0,1,2000,0.0,105.0,0.0,4.0,0.0,0.0,100.0,0.0,0.0,0.0,0.0,0.0,2010-06-07 10:09:54,
226145423010661,2000,39,141,10141.0,1014,1.0,1,2000,0.0,77.0,0.0,3.0,0.0,0.0,100.0,0.0,0.0,0.0,0.0,0.0,2010-06-07 10:09:54,
226145429010661,2000,39,145,451.0,45,1.0,1,2000,0.0,90.0,0.0,3.0,0.0,0.0,100.0,0.0,0.0,0.0,0.0,0.0,2010-06-07 10:09:54,
226145428010661,2000,39,145,1531.0,153,1.0,1,2000,4.0,74.0,0.05405405,3.0,0.00780952,7.80952,95.0,0.0,5.0,0.0,0.0,0.0,2010-06-07 10:09:54,
226145420010661,2000,39,163,1141.0,114,1.0,1,2000,0.0,80.0,0.0,3.0,0.0,0.0,100.0,0.0,0.0,0.0,0.0,0.0,2010-06-07 10:09:53,
226145419010661,2000,39,163,1921.0,192,1.0,1,2000,0.0,114.0,0.0,5.0,0.0,0.0,100.0,0.0,0.0,0.0,0.0,0.0,2010-06-07 10:09:53,
226148985010661,2001,39,1,3921.0,392,1.0,1,2001,0.0,90.0,0.0,3.0,0.0,0.0,100.0,0.0,0.0,0.0,0.0,0.0,2010-06-07 10:38:57,
226149163010661,2001,39,7,7431.0,743,1.0,1,2001,0.0,106.0,0.0,4.0,0.0,0.0,100.0,0.0,0.0,0.0,0.0,0.0,2010-06-07 10:39:15,
226149101010661,2001,39,13,8321.0,832,1.0,1,2001,0.0,72.0,0.0,3.0,0.0,0.0,100.0,0.0,0.0,0.0,0.0,0.0,2010-06-07 10:39:09,
226149045010661,2001,39,15,6481.0,648,1.0,1,2001,2.0,90.0,0.02222222,3.0,0.00532,5.32,94.0,0.0,0.0,4.0,1.0,0.0,2010-06-07 10:39:03,
226149111010661,2001,39,37,14591.0,1459,1.0,1,2001,22.0,87.0,0.25287356,4.0,0.06598417,65.98417,75.0,5.0,3.0,3.0,9.0,5.0,2010-06-07 10:39:10,
226149108010661,2001,39,41,2511.0,251,1.0,1,2001,0.0,80.0,0.0,3.0,0.0,0.0,100.0,0.0,0.0,0.0,0.0,0.0,2010-06-07 10:39:09,
226149109010661,2001,39,41,8681.0,868,1.0,1,2001,0.0,102.0,0.0,4.0,0.0,0.0,100.0,0.0,0.0,0.0,0.0,0.0,2010-06-07 10:39:09,
226149169010661,2001,39,43,9581.0,958,1.0,1,2001,0.0,85.0,0.0,3.0,0.0,0.0,100.0,0.0,0.0,0.0,0.0,0.0,2010-06-07 10:39:16,
226149044010661,2001,39,47,12131.0,1213,1.0,1,2001,0.0,101.0,0.0,5.0,0.0,0.0,100.0,0.0,0.0,0.0,0.0,0.0,2010-06-07 10:39:03,
226149047010661,2001,39,57,14351.0,1435,1.0,1,2001,19.0,92.0,0.20652174,4.0,0.0387975,38.7975,79.0,0.0,8.0,9.0,4.0,0.0,2010-06-07 10:39:03,
226149102010661,2001,39,59,4441.0,444,1.0,1,2001,0.0,90.0,0.0,3.0,0.0,0.0,100.0,0.0,0.0,0.0,0.0,0.0,2010-06-07 10:39:09,
226149043010661,2001,39,71,8741.0,874,1.0,1,2001,0.0,90.0,0.0,3.0,0.0,0.0,100.0,0.0,0.0,0.0,0.0,0.0,2010-06-07 10:39:03,
226149041010661,2001,39,73,12521.0,1252,1.0,1,2001,0.0,93.0,0.0,4.0,0.0,0.0,100.0,0.0,0.0,0.0,0.0,0.0,2010-06-07 10:39:03,
226149168010661,2001,39,77,13861.0,1386,1.0,1,2001,0.0,90.0,0.0,3.0,0.0,0.0,100.0,0.0,0.0,0.0,0.0,0.0,2010-06-07 10:39:16,
226148984010661,2001,39,79,3701.0,370,1.0,1,2001,0.0,106.0,0.0,5.0,0.0,0.0,100.0,0.0,0.0,0.0,0.0,0.0,2010-06-07 10:38:57,
226149107010661,2001,39,83,12991.0,1299,1.0,1,2001,0.0,58.0,0.0,3.0,0.0,0.0,100.0,0.0,0.0,0.0,0.0,0.0,2010-06-07 10:39:09,
226149167010661,2001,39,85,2351.0,235,1.0,1,2001,11.0,81.0,0.13580247,4.0,0.03134545,31.34545,85.0,0.0,10.0,4.0,1.0,0.0,2010-06-07 10:39:16,
226149106010661,2001,39,103,4691.0,469,1.0,1,2001,0.0,60.0,0.0,2.0,0.0,0.0,100.0,0.0,0.0,0.0,0.0,0.0,2010-06-07 10:39:09,
226149165010661,2001,39,103,5321.0,532,1.0,1,2001,19.0,134.0,0.14179104,5.0,0.0499775,49.9775,84.0,1.0,1.0,3.0,9.0,2.0,2010-06-07 10:39:16,
226148982010661,2001,39,105,7461.0,746,1.0,1,2001,0.0,115.0,0.0,4.0,0.0,0.0,100.0,0.0,0.0,0.0,0.0,0.0,2010-06-07 10:38:57,
226149038010661,2001,39,111,10871.0,1087,1.0,1,2001,7.0,70.0,0.1,3.0,0.01169222,11.69222,90.0,1.0,3.0,4.0,1.0,0.0,2010-06-07 10:39:03,
226149042010661,2001,39,119,11801.0,1180,1.0,1,2001,0.0,60.0,0.0,2.0,0.0,0.0,100.0,0.0,0.0,0.0,0.0,0.0,2010-06-07 10:39:03,
226149040010661,2001,39,131,8671.0,867,1.0,1,2001,0.0,146.0,0.0,5.0,0.0,0.0,100.0,0.0,0.0,0.0,0.0,0.0,2010-06-07 10:39:03,
226149166010661,2001,39,133,311.0,31,1.0,1,2001,1.0,91.0,0.01098901,4.0,0.00278667,2.78667,99.0,0.0,0.0,1.0,0.0,0.0,2010-06-07 10:39:16,
226149046010661,2001,39,135,2871.0,287,1.0,1,2001,0.0,85.0,0.0,3.0,0.0,0.0,100.0,0.0,0.0,0.0,0.0,0.0,2010-06-07 10:39:03,
226148983010661,2001,39,145,13481.0,1348,1.0,1,2001,11.0,91.0,0.12087912,3.0,0.00359032,3.59032,88.0,8.0,3.0,1.0,0.0,0.0,2010-06-07 10:38:57,
226149105010661,2001,39,151,4531.0,453,1.0,1,2001,0.0,105.0,0.0,4.0,0.0,0.0,100.0,0.0,0.0,0.0,0.0,0.0,2010-06-07 10:39:09,
226149104010661,2001,39,151,13541.0,1354,1.0,1,2001,0.0,90.0,0.0,3.0,0.0,0.0,100.0,0.0,0.0,0.0,0.0,0.0,2010-06-07 10:39:09,
226149103010661,2001,39,157,8191.0,819,1.0,1,2001,0.0,60.0,0.0,2.0,0.0,0.0,100.0,0.0,0.0,0.0,0.0,0.0,2010-06-07 10:39:09,
226149039010661,2001,39,163,5741.0,574,1.0,1,2001,0.0,118.0,0.0,4.0,0.0,0.0,100.0,0.0,0.0,0.0,0.0,0.0,2010-06-07 10:39:03,
226149037010661,2001,39,167,10111.0,1011,1.0,1,2001,0.0,64.0,0.0,3.0,0.0,0.0,100.0,0.0,0.0,0.0,0.0,0.0,2010-06-07 10:39:02,
226149110010661,2001,39,169,12741.0,1274,1.0,1,2001,0.0,80.0,0.0,3.0,0.0,0.0,100.0,0.0,0.0,0.0,0.0,0.0,2010-06-07 10:39:10,
226149171010661,2001,39,173,9181.0,918,1.0,1,2001,0.0,132.0,0.0,5.0,0.0,0.0,100.0,0.0,0.0,0.0,0.0,0.0,2010-06-07 10:39:17,
226149112010661,2001,39,175,6571.0,657,1.0,1,2001,0.0,100.0,0.0,4.0,0.0,0.0,100.0,0.0,0.0,0.0,0.0,0.0,2010-06-07 10:39:10,
226151654010661,2002,39,1,3921.0,392,1.0,1,2002,0.0,78.0,0.0,3.0,0.0,0.0,100.0,0.0,0.0,0.0,0.0,0.0,2010-06-07 12:09:02,
226151825010661,2002,39,7,7431.0,743,1.0,1,2002,0.0,163.0,0.0,6.0,0.0,0.0,100.0,0.0,0.0,0.0,0.0,0.0,2010-06-07 12:09:21,
226151709010661,2002,39,13,15641.0,1564,1.0,1,2002,0.0,135.0,0.0,5.0,0.0,0.0,100.0,0.0,0.0,0.0,0.0,0.0,2010-06-07 12:09:07,
226151720010661,2002,39,15,6481.0,648,1.0,1,2002,10.0,86.0,0.11627907,4.0,0.00786,7.86,95.0,2.0,2.0,5.0,3.0,0.0,2010-06-07 12:09:08,
226151777010661,2002,39,37,4851.0,485,1.0,1,2002,2.0,77.0,0.02597403,3.0,7.339e-05,0.07339,100.0,3.0,0.0,0.0,0.0,0.0,2010-06-07 12:09:14,
226151775010661,2002,39,41,8681.0,868,1.0,1,2002,0.0,90.0,0.0,3.0,0.0,0.0,100.0,0.0,0.0,0.0,0.0,0.0,2010-06-07 12:09:14,
226151778010661,2002,39,41,8921.0,892,1.0,1,2002,0.0,89.0,0.0,3.0,0.0,0.0,100.0,0.0,0.0,0.0,0.0,0.0,2010-06-07 12:09:14,
226151830010661,2002,39,43,9581.0,958,1.0,1,2002,2.0,90.0,0.02222222,3.0,0.00333556,3.33556,98.0,0.0,1.0,1.0,0.0,0.0,2010-06-07 12:09:22,
226151719010661,2002,39,47,12131.0,1213,1.0,1,2002,0.0,59.0,0.0,3.0,0.0,0.0,100.0,0.0,0.0,0.0,0.0,0.0,2010-06-07 12:09:08,
226151722010661,2002,39,57,14351.0,1435,1.0,1,2002,0.0,116.0,0.0,4.0,0.0,0.0,100.0,0.0,0.0,0.0,0.0,0.0,2010-06-07 12:09:08,
226151771010661,2002,39,59,3181.0,318,1.0,1,2002,0.0,120.0,0.0,4.0,0.0,0.0,100.0,0.0,0.0,0.0,0.0,0.0,2010-06-07 12:09:14,
226151718010661,2002,39,71,8741.0,874,1.0,1,2002,0.0,46.0,0.0,3.0,0.0,0.0,100.0,0.0,0.0,0.0,0.0,0.0,2010-06-07 12:09:08,
226151716010661,2002,39,73,1881.0,188,1.0,1,2002,2.0,118.0,0.01694915,5.0,0.00067118,0.67118,92.0,0.0,1.0,3.0,3.0,0.0,2010-06-07 12:09:08,
226151829010661,2002,39,77,13861.0,1386,1.0,1,2002,0.0,90.0,0.0,3.0,0.0,0.0,100.0,0.0,0.0,0.0,0.0,0.0,2010-06-07 12:09:22,
226151653010661,2002,39,79,3701.0,370,1.0,1,2002,12.0,90.0,0.13333333,3.0,0.01260972,12.60972,81.0,4.0,4.0,6.0,4.0,0.0,2010-06-07 12:09:02,
226151827010661,2002,39,85,2351.0,235,1.0,1,2002,2.0,144.0,0.01388889,5.0,0.00017306,0.17306,98.0,1.0,1.0,1.0,0.0,0.0,2010-06-07 12:09:22,
226151774010661,2002,39,89,1221.0,122,1.0,1,2002,0.0,60.0,0.0,2.0,0.0,0.0,100.0,0.0,0.0,0.0,0.0,0.0,2010-06-07 12:09:14,
226151824010661,2002,39,99,1461.0,146,1.0,1,2002,0.0,90.0,0.0,3.0,0.0,0.0,100.0,0.0,0.0,0.0,0.0,0.0,2010-06-07 12:09:21,
226151826010661,2002,39,103,5321.0,532,1.0,1,2002,7.0,90.0,0.07777778,3.0,0.01030222,10.30222,92.0,1.0,4.0,2.0,0.0,0.0,2010-06-07 12:09:22,
226151828010661,2002,39,103,6151.0,615,1.0,1,2002,0.0,60.0,0.0,2.0,0.0,0.0,100.0,0.0,0.0,0.0,0.0,0.0,2010-06-07 12:09:22,
226151650010661,2002,39,105,7461.0,746,1.0,1,2002,0.0,90.0,0.0,3.0,0.0,0.0,100.0,0.0,0.0,0.0,0.0,0.0,2010-06-07 12:09:02,
226151713010661,2002,39,111,4841.0,484,1.0,1,2002,5.0,120.0,0.04166667,4.0,0.0074875,7.4875,96.0,0.0,1.0,2.0,2.0,0.0,2010-06-07 12:09:07,
226151717010661,2002,39,119,11801.0,1180,1.0,1,2002,0.0,60.0,0.0,2.0,0.0,0.0,100.0,0.0,0.0,0.0,0.0,0.0,2010-06-07 12:09:08,
226151715010661,2002,39,131,8671.0,867,1.0,1,2002,0.0,117.0,0.0,5.0,0.0,0.0,100.0,0.0,0.0,0.0,0.0,0.0,2010-06-07 12:09:07,
226151721010661,2002,39,135,2871.0,287,1.0,1,2002,0.0,92.0,0.0,3.0,0.0,0.0,100.0,0.0,0.0,0.0,0.0,0.0,2010-06-07 12:09:08,
226151655010661,2002,39,145,4511.0,451,1.0,1,2002,0.0,141.0,0.0,6.0,0.0,0.0,100.0,0.0,0.0,0.0,0.0,0.0,2010-06-07 12:09:02,
226151773010661,2002,39,151,4531.0,453,1.0,1,2002,0.0,102.0,0.0,4.0,0.0,0.0,100.0,0.0,0.0,0.0,0.0,0.0,2010-06-07 12:09:14,
226151772010661,2002,39,151,10621.0,1062,1.0,1,2002,0.0,60.0,0.0,2.0,0.0,0.0,100.0,0.0,0.0,0.0,0.0,0.0,2010-06-07 12:09:14,
226151770010661,2002,39,157,8191.0,819,1.0,1,2002,0.0,90.0,0.0,3.0,0.0,0.0,100.0,0.0,0.0,0.0,0.0,0.0,2010-06-07 12:09:14,
226151714010661,2002,39,163,5741.0,574,1.0,1,2002,0.0,78.0,0.0,3.0,0.0,0.0,100.0,0.0,0.0,0.0,0.0,0.0,2010-06-07 12:09:07,
226151711010661,2002,39,167,10411.0,1041,1.0,1,2002,0.0,80.0,0.0,3.0,0.0,0.0,100.0,0.0,0.0,0.0,0.0,0.0,2010-06-07 12:09:07,
226151776010661,2002,39,169,4701.0,470,1.0,1,2002,0.0,73.0,0.0,3.0,0.0,0.0,100.0,0.0,0.0,0.0,0.0,0.0,2010-06-07 12:09:14,
226151833010661,2002,39,173,9181.0,918,1.0,1,2002,0.0,90.0,0.0,3.0,0.0,0.0,100.0,0.0,0.0,0.0,0.0,0.0,2010-06-07 12:09:22,
226151779010661,2002,39,175,6571.0,657,1.0,1,2002,0.0,91.0,0.0,3.0,0.0,0.0,100.0,0.0,0.0,0.0,0.0,0.0,2010-06-07 12:09:14,
226154450010661,2003,39,1,3921.0,392,1.0,1,2003,0.0,90.0,0.0,3.0,0.0,0.0,100.0,0.0,0.0,0.0,0.0,0.0,2010-06-07 12:40:54,
226154625010661,2003,39,7,7431.0,743,1.0,1,2003,0.0,101.0,0.0,4.0,0.0,0.0,100.0,0.0,0.0,0.0,0.0,0.0,2010-06-07 12:41:16,
226154506010661,2003,39,13,15641.0,1564,1.0,1,2003,0.0,138.0,0.0,5.0,0.0,0.0,100.0,0.0,0.0,0.0,0.0,0.0,2010-06-07 12:41:00,
226154517010661,2003,39,15,6481.0,648,1.0,1,2003,0.0,120.0,0.0,4.0,0.0,0.0,100.0,0.0,0.0,0.0,0.0,0.0,2010-06-07 12:41:01,
226154577010661,2003,39,37,4851.0,485,1.0,1,2003,0.0,90.0,0.0,3.0,0.0,0.0,100.0,0.0,0.0,0.0,0.0,0.0,2010-06-07 12:41:09,
226154575010661,2003,39,41,8681.0,868,1.0,1,2003,1.0,110.0,0.00909091,4.0,0.00020645,0.20645,104.0,0.0,1.0,0.0,0.0,0.0,2010-06-07 12:41:09,
226154578010661,2003,39,41,8921.0,892,1.0,1,2003,0.0,125.0,0.0,5.0,0.0,0.0,100.0,0.0,0.0,0.0,0.0,0.0,2010-06-07 12:41:09,
226154630010661,2003,39,43,9581.0,958,1.0,1,2003,6.0,80.0,0.075,3.0,0.0042,4.2,95.0,0.0,6.0,1.0,0.0,0.0,2010-06-07 12:41:16,
226154516010661,2003,39,47,12131.0,1213,1.0,1,2003,7.0,100.0,0.07,4.0,0.005075,5.075,93.0,0.0,5.0,2.0,0.0,0.0,2010-06-07 12:41:01,
226154519010661,2003,39,57,14351.0,1435,1.0,1,2003,0.0,74.0,0.0,4.0,0.0,0.0,100.0,0.0,0.0,0.0,0.0,0.0,2010-06-07 12:41:01,
226154571010661,2003,39,59,3181.0,318,1.0,1,2003,0.0,120.0,0.0,4.0,0.0,0.0,100.0,0.0,0.0,0.0,0.0,0.0,2010-06-07 12:41:08,
226154515010661,2003,39,71,8741.0,874,1.0,1,2003,0.0,97.0,0.0,4.0,0.0,0.0,100.0,0.0,0.0,0.0,0.0,0.0,2010-06-07 12:41:01,
226154513010661,2003,39,73,1881.0,188,1.0,1,2003,0.0,114.0,0.0,4.0,0.0,0.0,100.0,0.0,0.0,0.0,0.0,0.0,2010-06-07 12:41:01,
226154629010661,2003,39,77,13861.0,1386,1.0,1,2003,0.0,90.0,0.0,3.0,0.0,0.0,100.0,0.0,0.0,0.0,0.0,0.0,2010-06-07 12:41:16,
226154449010661,2003,39,79,3701.0,370,1.0,1,2003,7.0,90.0,0.07777778,3.0,0.00063694,0.63694,100.0,6.0,2.0,0.0,0.0,0.0,2010-06-07 12:40:54,
226154627010661,2003,39,85,2351.0,235,1.0,1,2003,0.0,101.0,0.0,4.0,0.0,0.0,100.0,0.0,0.0,0.0,0.0,0.0,2010-06-07 12:41:16,
226154574010661,2003,39,89,1221.0,122,1.0,1,2003,0.0,100.0,0.0,4.0,0.0,0.0,100.0,0.0,0.0,0.0,0.0,0.0,2010-06-07 12:41:08,
226154624010661,2003,39,99,1461.0,146,1.0,1,2003,0.0,90.0,0.0,3.0,0.0,0.0,100.0,0.0,0.0,0.0,0.0,0.0,2010-06-07 12:41:16,
226154626010661,2003,39,103,5321.0,532,1.0,1,2003,2.0,120.0,0.01666667,4.0,0.00381417,3.81417,100.0,0.0,0.0,1.0,1.0,0.0,2010-06-07 12:41:16,
226154628010661,2003,39,103,6151.0,615,1.0,1,2003,0.0,90.0,0.0,3.0,0.0,0.0,100.0,0.0,0.0,0.0,0.0,0.0,2010-06-07 12:41:16,
226154446010661,2003,39,105,7461.0,746,1.0,1,2003,2.0,107.0,0.01869159,4.0,0.00171,1.71,100.0,0.0,0.0,2.0,0.0,0.0,2010-06-07 12:40:53,
226154510010661,2003,39,111,4841.0,484,1.0,1,2003,0.0,72.0,0.0,3.0,0.0,0.0,100.0,0.0,0.0,0.0,0.0,0.0,2010-06-07 12:41:01,
226154514010661,2003,39,119,11801.0,1180,1.0,1,2003,0.0,90.0,0.0,3.0,0.0,0.0,100.0,0.0,0.0,0.0,0.0,0.0,2010-06-07 12:41:01,
226154512010661,2003,39,131,8671.0,867,1.0,1,2003,0.0,103.0,0.0,4.0,0.0,0.0,100.0,0.0,0.0,0.0,0.0,0.0,2010-06-07 12:41:01,
226154518010661,2003,39,135,2871.0,287,1.0,1,2003,0.0,77.0,0.0,3.0,0.0,0.0,100.0,0.0,0.0,0.0,0.0,0.0,2010-06-07 12:41:01,
226154451010661,2003,39,145,4511.0,451,1.0,1,2003,0.0,90.0,0.0,3.0,0.0,0.0,100.0,0.0,0.0,0.0,0.0,0.0,2010-06-07 12:40:54,
226154573010661,2003,39,151,4531.0,453,1.0,1,2003,1.0,107.0,0.00934579,4.0,0.00120333,1.20333,99.0,0.0,0.0,1.0,0.0,0.0,2010-06-07 12:41:08,
226154572010661,2003,39,151,10621.0,1062,1.0,1,2003,2.0,90.0,0.02222222,3.0,0.00987556,9.87556,116.0,0.0,0.0,1.0,1.0,0.0,2010-06-07 12:41:08,
226154570010661,2003,39,157,8191.0,819,1.0,1,2003,0.0,114.0,0.0,4.0,0.0,0.0,100.0,0.0,0.0,0.0,0.0,0.0,2010-06-07 12:41:08,
226154511010661,2003,39,163,5741.0,574,1.0,1,2003,0.0,97.0,0.0,4.0,0.0,0.0,100.0,0.0,0.0,0.0,0.0,0.0,2010-06-07 12:41:01,
226154508010661,2003,39,167,10411.0,1041,1.0,2,2003,0.0,90.0,0.0,3.0,0.0,0.0,100.0,0.0,0.0,0.0,0.0,0.0,2010-06-07 12:41:00,2010-06-11 06:14:09
226154576010661,2003,39,169,4701.0,470,1.0,1,2003,0.0,109.0,0.0,4.0,0.0,0.0,100.0,0.0,0.0,0.0,0.0,0.0,2010-06-07 12:41:09,
226154633010661,2003,39,173,9181.0,918,1.0,1,2003,1.0,90.0,0.01111111,3.0,0.00160444,1.60444,99.0,0.0,0.0,1.0,0.0,0.0,2010-06-07 12:41:17,
226154579010661,2003,39,175,6571.0,657,1.0,1,2003,0.0,90.0,0.0,3.0,0.0,0.0,100.0,0.0,0.0,0.0,0.0,0.0,2010-06-07 12:41:09,
226157232010661,2004,39,1,3921.0,392,1.0,1,2004,2.0,111.0,0.01801802,4.0,0.00101333,1.01333,94.0,5.0,3.0,0.0,0.0,0.0,2010-06-07 12:56:18,
226157402010661,2004,39,7,7431.0,743,1.0,1,2004,0.0,90.0,0.0,3.0,0.0,0.0,100.0,0.0,0.0,0.0,0.0,0.0,2010-06-07 12:56:38,
226157287010661,2004,39,13,15641.0,1564,1.0,1,2004,0.0,120.0,0.0,4.0,0.0,0.0,100.0,0.0,0.0,0.0,0.0,0.0,2010-06-07 12:56:23,
226157298010661,2004,39,15,6481.0,648,1.0,1,2004,2.0,115.0,0.0173913,4.0,0.00200521,2.00521,98.0,1.0,0.0,1.0,0.0,0.0,2010-06-07 12:56:25,
226157357010661,2004,39,37,4851.0,485,1.0,1,2004,2.0,90.0,0.02222222,3.0,0.00096,0.96,102.0,0.0,2.0,1.0,0.0,0.0,2010-06-07 12:56:32,
226157355010661,2004,39,41,8681.0,868,1.0,1,2004,0.0,120.0,0.0,4.0,0.0,0.0,100.0,0.0,0.0,0.0,0.0,0.0,2010-06-07 12:56:32,
226157358010661,2004,39,41,8921.0,892,1.0,1,2004,0.0,30.0,0.0,1.0,0.0,0.0,100.0,0.0,0.0,0.0,0.0,0.0,2010-06-07 12:56:32,
226157407010661,2004,39,43,9581.0,958,1.0,1,2004,0.0,99.0,0.0,4.0,0.0,0.0,100.0,0.0,0.0,0.0,0.0,0.0,2010-06-07 12:56:38,
226157297010661,2004,39,47,12131.0,1213,1.0,1,2004,1.0,90.0,0.01111111,3.0,0.00028444,0.28444,99.0,0.0,1.0,0.0,0.0,0.0,2010-06-07 12:56:25,
226157300010661,2004,39,57,14351.0,1435,1.0,1,2004,0.0,110.0,0.0,4.0,0.0,0.0,100.0,0.0,0.0,0.0,0.0,0.0,2010-06-07 12:56:25,
226157351010661,2004,39,59,3181.0,318,1.0,1,2004,0.0,112.0,0.0,5.0,0.0,0.0,100.0,0.0,0.0,0.0,0.0,0.0,2010-06-07 12:56:32,
226157296010661,2004,39,71,8741.0,874,1.0,1,2004,2.0,103.0,0.01941748,4.0,0.00219423,2.19423,98.0,1.0,1.0,0.0,0.0,0.0,2010-06-07 12:56:25,
226157294010661,2004,39,73,1881.0,188,1.0,1,2004,0.0,83.0,0.0,3.0,0.0,0.0,100.0,0.0,0.0,0.0,0.0,0.0,2010-06-07 12:56:24,
226157406010661,2004,39,77,13861.0,1386,1.0,1,2004,0.0,103.0,0.0,4.0,0.0,0.0,100.0,0.0,0.0,0.0,0.0,0.0,2010-06-07 12:56:38,
226157231010661,2004,39,79,3701.0,370,1.0,1,2004,11.0,90.0,0.12222222,3.0,0.00109167,1.09167,101.0,10.0,2.0,0.0,0.0,0.0,2010-06-07 12:56:18,
226157404010661,2004,39,85,2351.0,235,1.0,1,2004,2.0,90.0,0.02222222,3.0,0.00439111,4.39111,108.0,0.0,1.0,0.0,0.0,1.0,2010-06-07 12:56:38,
226157354010661,2004,39,89,1221.0,122,1.0,1,2004,8.0,133.0,0.06015038,5.0,0.00491467,4.91467,94.0,0.0,4.0,2.0,0.0,0.0,2010-06-07 12:56:32,
226157403010661,2004,39,103,5321.0,532,1.0,1,2004,0.0,120.0,0.0,4.0,0.0,0.0,100.0,0.0,0.0,0.0,0.0,0.0,2010-06-07 12:56:38,
226157405010661,2004,39,103,6151.0,615,1.0,1,2004,0.0,90.0,0.0,3.0,0.0,0.0,100.0,0.0,0.0,0.0,0.0,0.0,2010-06-07 12:56:38,
226157228010661,2004,39,105,7461.0,746,1.0,1,2004,20.0,132.0,0.15151515,5.0,0.008214,8.214,70.0,16.0,17.0,1.0,0.0,0.0,2010-06-07 12:56:18,
226157291010661,2004,39,111,4841.0,484,1.0,1,2004,0.0,76.0,0.0,3.0,0.0,0.0,100.0,0.0,0.0,0.0,0.0,0.0,2010-06-07 12:56:24,
226157295010661,2004,39,119,11801.0,1180,1.0,1,2004,8.0,116.0,0.06896552,4.0,0.01281538,12.81538,98.0,0.0,2.0,5.0,0.0,0.0,2010-06-07 12:56:24,
226157293010661,2004,39,131,8671.0,867,1.0,1,2004,8.0,111.0,0.07207207,4.0,0.00582143,5.82143,94.0,0.0,6.0,2.0,0.0,0.0,2010-06-07 12:56:24,
226157299010661,2004,39,135,2871.0,287,1.0,1,2004,0.0,103.0,0.0,4.0,0.0,0.0,100.0,0.0,0.0,0.0,0.0,0.0,2010-06-07 12:56:25,
226157233010661,2004,39,145,4511.0,451,1.0,1,2004,0.0,130.0,0.0,5.0,0.0,0.0,100.0,0.0,0.0,0.0,0.0,0.0,2010-06-07 12:56:18,
226157353010661,2004,39,151,4531.0,453,1.0,1,2004,0.0,90.0,0.0,3.0,0.0,0.0,100.0,0.0,0.0,0.0,0.0,0.0,2010-06-07 12:56:32,
226157352010661,2004,39,151,10621.0,1062,1.0,1,2004,0.0,90.0,0.0,3.0,0.0,0.0,100.0,0.0,0.0,0.0,0.0,0.0,2010-06-07 12:56:32,
226157401010661,2004,39,155,1461.0,146,1.0,2,2004,0.0,79.0,0.0,3.0,0.0,0.0,100.0,0.0,0.0,0.0,0.0,0.0,2010-06-07 12:56:38,2010-06-11 06:14:20
226157350010661,2004,39,157,8191.0,819,1.0,1,2004,0.0,77.0,0.0,3.0,0.0,0.0,100.0,0.0,0.0,0.0,0.0,0.0,2010-06-07 12:56:32,
226157292010661,2004,39,163,5741.0,574,1.0,2,2004,0.0,90.0,0.0,3.0,0.0,0.0,100.0,0.0,0.0,0.0,0.0,0.0,2010-06-07 12:56:24,2010-06-11 06:14:20
226157289010661,2004,39,167,10411.0,1041,1.0,3,2004,7.0,102.0,0.06862745,4.0,0.003255,3.255,103.0,4.0,3.0,0.0,0.0,0.0,2010-06-07 12:56:24,2010-06-11 06:14:20
226157356010661,2004,39,169,4701.0,470,1.0,1,2004,0.0,90.0,0.0,3.0,0.0,0.0,100.0,0.0,0.0,0.0,0.0,0.0,2010-06-07 12:56:32,
226157410010661,2004,39,173,9181.0,918,1.0,1,2004,0.0,82.0,0.0,3.0,0.0,0.0,100.0,0.0,0.0,0.0,0.0,0.0,2010-06-07 12:56:38,
226157359010661,2004,39,175,6571.0,657,1.0,1,2004,0.0,90.0,0.0,3.0,0.0,0.0,100.0,0.0,0.0,0.0,0.0,0.0,2010-06-07 12:56:32,
226159974010661,2005,39,1,3921.0,392,1.0,1,2005,0.0,90.0,0.0,3.0,0.0,0.0,100.0,0.0,0.0,0.0,0.0,0.0,2010-06-07 13:07:44,
226160146010661,2005,39,7,7431.0,743,1.0,1,2005,0.0,90.0,0.0,3.0,0.0,0.0,100.0,0.0,0.0,0.0,0.0,0.0,2010-06-07 13:08:01,
226160028010661,2005,39,13,15641.0,1564,1.0,1,2005,0.0,90.0,0.0,3.0,0.0,0.0,100.0,0.0,0.0,0.0,0.0,0.0,2010-06-07 13:07:49,
226160039010661,2005,39,15,6481.0,648,1.0,1,2005,0.0,90.0,0.0,3.0,0.0,0.0,100.0,0.0,0.0,0.0,0.0,0.0,2010-06-07 13:07:51,
226160098010661,2005,39,37,4851.0,485,1.0,1,2005,2.0,90.0,0.02222222,3.0,0.00377778,3.77778,98.0,1.0,0.0,1.0,0.0,0.0,2010-06-07 13:07:57,
226160096010661,2005,39,41,8681.0,868,1.0,1,2005,0.0,90.0,0.0,3.0,0.0,0.0,100.0,0.0,0.0,0.0,0.0,0.0,2010-06-07 13:07:57,
226160099010661,2005,39,41,8921.0,892,1.0,1,2005,0.0,90.0,0.0,3.0,0.0,0.0,100.0,0.0,0.0,0.0,0.0,0.0,2010-06-07 13:07:57,
226160151010661,2005,39,43,9581.0,958,1.0,1,2005,0.0,90.0,0.0,3.0,0.0,0.0,100.0,0.0,0.0,0.0,0.0,0.0,2010-06-07 13:08:01,
226160038010661,2005,39,47,12131.0,1213,1.0,1,2005,0.0,90.0,0.0,3.0,0.0,0.0,100.0,0.0,0.0,0.0,0.0,0.0,2010-06-07 13:07:51,
226160041010661,2005,39,57,14351.0,1435,1.0,1,2005,0.0,90.0,0.0,3.0,0.0,0.0,100.0,0.0,0.0,0.0,0.0,0.0,2010-06-07 13:07:51,
226160092010661,2005,39,59,3181.0,318,1.0,1,2005,0.0,90.0,0.0,3.0,0.0,0.0,100.0,0.0,0.0,0.0,0.0,0.0,2010-06-07 13:07:57,
226160037010661,2005,39,71,8741.0,874,1.0,1,2005,3.0,90.0,0.03333333,3.0,0.00146667,1.46667,97.0,0.0,3.0,0.0,0.0,0.0,2010-06-07 13:07:51,
226160035010661,2005,39,73,1881.0,188,1.0,1,2005,0.0,90.0,0.0,3.0,0.0,0.0,100.0,0.0,0.0,0.0,0.0,0.0,2010-06-07 13:07:50,
226160150010661,2005,39,77,13861.0,1386,1.0,1,2005,0.0,90.0,0.0,3.0,0.0,0.0,100.0,0.0,0.0,0.0,0.0,0.0,2010-06-07 13:08:01,
226159972010661,2005,39,79,3701.0,370,1.0,1,2005,0.0,90.0,0.0,3.0,0.0,0.0,100.0,0.0,0.0,0.0,0.0,0.0,2010-06-07 13:07:44,
226160148010661,2005,39,85,2351.0,235,1.0,1,2005,1.0,90.0,0.01111111,3.0,1.361e-05,0.01361,99.0,1.0,0.0,0.0,0.0,0.0,2010-06-07 13:08:01,
226160095010661,2005,39,89,1221.0,122,1.0,1,2005,0.0,90.0,0.0,3.0,0.0,0.0,100.0,0.0,0.0,0.0,0.0,0.0,2010-06-07 13:07:57,
226160147010661,2005,39,103,5321.0,532,1.0,1,2005,5.0,90.0,0.05555556,3.0,0.01028444,10.28444,94.0,1.0,2.0,1.0,1.0,0.0,2010-06-07 13:08:01,
226160149010661,2005,39,103,6151.0,615,1.0,1,2005,0.0,90.0,0.0,3.0,0.0,0.0,100.0,0.0,0.0,0.0,0.0,0.0,2010-06-07 13:08:01,
226159969010661,2005,39,105,7461.0,746,1.0,1,2005,0.0,90.0,0.0,3.0,0.0,0.0,100.0,0.0,0.0,0.0,0.0,0.0,2010-06-07 13:07:43,
226160032010661,2005,39,111,4841.0,484,1.0,1,2005,0.0,90.0,0.0,3.0,0.0,0.0,100.0,0.0,0.0,0.0,0.0,0.0,2010-06-07 13:07:50,
226160036010661,2005,39,119,11801.0,1180,1.0,1,2005,0.0,90.0,0.0,3.0,0.0,0.0,100.0,0.0,0.0,0.0,0.0,0.0,2010-06-07 13:07:50,
226160034010661,2005,39,131,8671.0,867,1.0,1,2005,1.0,90.0,0.01111111,3.0,0.00156444,1.56444,99.0,0.0,1.0,0.0,0.0,0.0,2010-06-07 13:07:50,
226160040010661,2005,39,135,2871.0,287,1.0,1,2005,2.0,90.0,0.02222222,3.0,0.00021,0.21,98.0,1.0,0.0,1.0,0.0,0.0,2010-06-07 13:07:51,
226159975010661,2005,39,145,4511.0,451,1.0,1,2005,7.0,90.0,0.07777778,3.0,0.00436111,4.36111,92.0,1.0,6.0,1.0,0.0,0.0,2010-06-07 13:07:44,
226160094010661,2005,39,151,4531.0,453,1.0,1,2005,0.0,90.0,0.0,3.0,0.0,0.0,100.0,0.0,0.0,0.0,0.0,0.0,2010-06-07 13:07:57,
226160093010661,2005,39,151,10621.0,1062,1.0,1,2005,0.0,90.0,0.0,3.0,0.0,0.0,100.0,0.0,0.0,0.0,0.0,0.0,2010-06-07 13:07:57,
226160145010661,2005,39,155,1461.0,146,1.0,2,2005,1.0,90.0,0.01111111,3.0,0.00160444,1.60444,99.0,0.0,0.0,1.0,0.0,0.0,2010-06-07 13:08:01,2010-06-11 06:14:14
226160091010661,2005,39,157,8191.0,819,1.0,1,2005,0.0,90.0,0.0,3.0,0.0,0.0,100.0,0.0,0.0,0.0,0.0,0.0,2010-06-07 13:07:57,
226160033010661,2005,39,163,5741.0,574,1.0,2,2005,1.0,90.0,0.01111111,3.0,0.00028444,0.28444,99.0,0.0,1.0,0.0,0.0,0.0,2010-06-07 13:07:50,2010-06-11 06:14:06
226160030010661,2005,39,167,10411.0,1041,1.0,3,2005,6.0,90.0,0.06666667,3.0,0.00182222,1.82222,93.0,3.0,2.0,1.0,0.0,0.0,2010-06-07 13:07:50,2010-06-11 06:14:06
226160097010661,2005,39,169,4701.0,470,1.0,1,2005,0.0,90.0,0.0,3.0,0.0,0.0,100.0,0.0,0.0,0.0,0.0,0.0,2010-06-07 13:07:57,
226160153010661,2005,39,173,9181.0,918,1.0,1,2005,0.0,90.0,0.0,3.0,0.0,0.0,100.0,0.0,0.0,0.0,0.0,0.0,2010-06-07 13:08:02,
226160100010661,2005,39,175,6571.0,657,1.0,1,2005,0.0,90.0,0.0,3.0,0.0,0.0,100.0,0.0,0.0,0.0,0.0,0.0,2010-06-07 13:07:57,
226162692010661,2006,39,1,3921.0,392,1.0,1,2006,0.0,90.0,0.0,3.0,0.0,0.0,100.0,0.0,0.0,0.0,0.0,0.0,2010-06-07 13:22:37,
226162861010661,2006,39,7,7431.0,743,1.0,1,2006,0.0,90.0,0.0,3.0,0.0,0.0,100.0,0.0,0.0,0.0,0.0,0.0,2010-06-07 13:23:02,
226162747010661,2006,39,13,15641.0,1564,1.0,1,2006,0.0,90.0,0.0,3.0,0.0,0.0,100.0,0.0,0.0,0.0,0.0,0.0,2010-06-07 13:22:45,
226162758010661,2006,39,15,6481.0,648,1.0,1,2006,1.0,90.0,0.01111111,3.0,0.00067556,0.67556,104.0,0.0,1.0,1.0,0.0,0.0,2010-06-07 13:22:46,
226162817010661,2006,39,37,4851.0,485,1.0,1,2006,8.0,91.0,0.08791209,3.0,0.00302659,3.02659,91.0,7.0,1.0,1.0,0.0,0.0,2010-06-07 13:22:55,
226162815010661,2006,39,41,8681.0,868,1.0,1,2006,0.0,90.0,0.0,3.0,0.0,0.0,100.0,0.0,0.0,0.0,0.0,0.0,2010-06-07 13:22:54,
226162818010661,2006,39,41,8921.0,892,1.0,2,2006,3.0,90.0,0.03333333,3.0,0.00018667,0.18667,88.0,7.0,3.0,1.0,1.0,0.0,2010-06-07 13:22:55,2010-06-11 06:14:04
226162866010661,2006,39,43,9581.0,958,1.0,1,2006,0.0,90.0,0.0,3.0,0.0,0.0,100.0,0.0,0.0,0.0,0.0,0.0,2010-06-07 13:23:03,
226162757010661,2006,39,47,12131.0,1213,1.0,1,2006,0.0,90.0,0.0,3.0,0.0,0.0,100.0,0.0,0.0,0.0,0.0,0.0,2010-06-07 13:22:46,
226162760010661,2006,39,57,14351.0,1435,1.0,1,2006,0.0,90.0,0.0,3.0,0.0,0.0,100.0,0.0,0.0,0.0,0.0,0.0,2010-06-07 13:22:46,
226162811010661,2006,39,59,3181.0,318,1.0,1,2006,0.0,90.0,0.0,3.0,0.0,0.0,100.0,0.0,0.0,0.0,0.0,0.0,2010-06-07 13:22:54,
226162756010661,2006,39,71,8741.0,874,1.0,1,2006,0.0,90.0,0.0,3.0,0.0,0.0,100.0,0.0,0.0,0.0,0.0,0.0,2010-06-07 13:22:46,
226162754010661,2006,39,73,1881.0,188,1.0,1,2006,0.0,90.0,0.0,3.0,0.0,0.0,100.0,0.0,0.0,0.0,0.0,0.0,2010-06-07 13:22:45,
226162865010661,2006,39,77,13861.0,1386,1.0,1,2006,0.0,90.0,0.0,3.0,0.0,0.0,100.0,0.0,0.0,0.0,0.0,0.0,2010-06-07 13:23:03,
226162691010661,2006,39,79,3701.0,370,1.0,1,2006,0.0,90.0,0.0,3.0,0.0,0.0,100.0,0.0,0.0,0.0,0.0,0.0,2010-06-07 13:22:37,
226162863010661,2006,39,85,2351.0,235,1.0,1,2006,0.0,90.0,0.0,3.0,0.0,0.0,100.0,0.0,0.0,0.0,0.0,0.0,2010-06-07 13:23:03,
226162814010661,2006,39,89,1221.0,122,1.0,2,2006,2.0,90.0,0.02222222,3.0,7.583e-05,0.07583,98.0,2.0,0.0,0.0,0.0,0.0,2010-06-07 13:22:54,2010-06-11 06:14:04
226162862010661,2006,39,103,5321.0,532,1.0,1,2006,4.0,90.0,0.04444444,3.0,0.00127167,1.27167,107.0,6.0,0.0,0.0,0.0,0.0,2010-06-07 13:23:03,
226162864010661,2006,39,103,6151.0,615,1.0,1,2006,0.0,90.0,0.0,3.0,0.0,0.0,100.0,0.0,0.0,0.0,0.0,0.0,2010-06-07 13:23:03,
226162688010661,2006,39,105,7461.0,746,1.0,1,2006,0.0,108.0,0.0,4.0,0.0,0.0,100.0,0.0,0.0,0.0,0.0,0.0,2010-06-07 13:22:37,
226162751010661,2006,39,111,4841.0,484,1.0,1,2006,0.0,90.0,0.0,3.0,0.0,0.0,100.0,0.0,0.0,0.0,0.0,0.0,2010-06-07 13:22:45,
226162755010661,2006,39,119,11801.0,1180,1.0,1,2006,8.0,90.0,0.08888889,3.0,0.00089111,0.89111,79.0,14.0,7.0,0.0,0.0,0.0,2010-06-07 13:22:46,
226162753010661,2006,39,131,8671.0,867,1.0,1,2006,3.0,90.0,0.03333333,3.0,0.00380444,3.80444,97.0,0.0,3.0,0.0,0.0,0.0,2010-06-07 13:22:45,
226162759010661,2006,39,135,2871.0,287,1.0,1,2006,0.0,90.0,0.0,3.0,0.0,0.0,100.0,0.0,0.0,0.0,0.0,0.0,2010-06-07 13:22:46,
226162693010661,2006,39,145,4511.0,451,1.0,1,2006,0.0,90.0,0.0,3.0,0.0,0.0,100.0,0.0,0.0,0.0,0.0,0.0,2010-06-07 13:22:37,
226162813010661,2006,39,151,4531.0,453,1.0,1,2006,0.0,90.0,0.0,3.0,0.0,0.0,100.0,0.0,0.0,0.0,0.0,0.0,2010-06-07 13:22:54,
226162812010661,2006,39,151,10621.0,1062,1.0,1,2006,0.0,90.0,0.0,3.0,0.0,0.0,100.0,0.0,0.0,0.0,0.0,0.0,2010-06-07 13:22:54,
226162860010661,2006,39,155,1461.0,146,1.0,2,2006,0.0,105.0,0.0,4.0,0.0,0.0,100.0,0.0,0.0,0.0,0.0,0.0,2010-06-07 13:23:02,2010-06-11 06:14:11
226162810010661,2006,39,157,8191.0,819,1.0,1,2006,0.0,90.0,0.0,3.0,0.0,0.0,100.0,0.0,0.0,0.0,0.0,0.0,2010-06-07 13:22:54,
226162752010661,2006,39,163,5741.0,574,1.0,2,2006,0.0,90.0,0.0,3.0,0.0,0.0,100.0,0.0,0.0,0.0,0.0,0.0,2010-06-07 13:22:45,2010-06-11 06:14:04
226162749010661,2006,39,167,10411.0,1041,1.0,4,2006,0.0,90.0,0.0,3.0,0.0,0.0,100.0,0.0,0.0,0.0,0.0,0.0,2010-06-07 13:22:45,2010-06-11 06:14:04
226162816010661,2006,39,169,4701.0,470,1.0,1,2006,0.0,120.0,0.0,4.0,0.0,0.0,100.0,0.0,0.0,0.0,0.0,0.0,2010-06-07 13:22:54,
226162868010661,2006,39,173,9181.0,918,1.0,1,2006,0.0,90.0,0.0,3.0,0.0,0.0,100.0,0.0,0.0,0.0,0.0,0.0,2010-06-07 13:23:03,
226162819010661,2006,39,175,6571.0,657,1.0,1,2006,0.0,90.0,0.0,3.0,0.0,0.0,100.0,0.0,0.0,0.0,0.0,0.0,2010-06-07 13:22:55,
226165393010661,2007,39,1,3921.0,392,1.0,1,2007,0.0,103.0,0.0,4.0,0.0,0.0,100.0,0.0,0.0,0.0,0.0,0.0,2010-06-07 13:35:54,
226165565010661,2007,39,7,7431.0,743,1.0,1,2007,0.0,90.0,0.0,3.0,0.0,0.0,100.0,0.0,0.0,0.0,0.0,0.0,2010-06-07 13:36:14,
226165448010661,2007,39,13,15641.0,1564,1.0,1,2007,0.0,90.0,0.0,3.0,0.0,0.0,100.0,0.0,0.0,0.0,0.0,0.0,2010-06-07 13:36:00,
226165459010661,2007,39,15,6481.0,648,1.0,1,2007,0.0,90.0,0.0,3.0,0.0,0.0,100.0,0.0,0.0,0.0,0.0,0.0,2010-06-07 13:36:01,
226165518010661,2007,39,37,4851.0,485,1.0,1,2007,6.0,90.0,0.06666667,3.0,0.00155361,1.55361,93.0,1.0,3.0,2.0,0.0,0.0,2010-06-07 13:36:07,
226165516010661,2007,39,41,8682.0,868,2.0,1,2007,5.0,90.0,0.05555556,3.0,0.00083834,0.838335,94.0,2.0,1.0,0.0,2.0,0.0,2010-06-07 13:36:07,
226165519010661,2007,39,41,8921.0,892,1.0,2,2007,6.0,90.0,0.06666667,3.0,0.00389444,3.89444,93.0,1.0,3.0,2.0,0.0,0.0,2010-06-07 13:36:08,2010-06-11 06:14:19
226165570010661,2007,39,43,9581.0,958,1.0,1,2007,0.0,90.0,0.0,3.0,0.0,0.0,100.0,0.0,0.0,0.0,0.0,0.0,2010-06-07 13:36:15,
226165458010661,2007,39,47,12131.0,1213,1.0,1,2007,0.0,103.0,0.0,4.0,0.0,0.0,100.0,0.0,0.0,0.0,0.0,0.0,2010-06-07 13:36:01,
226165461010661,2007,39,57,14351.0,1435,1.0,1,2007,0.0,90.0,0.0,3.0,0.0,0.0,100.0,0.0,0.0,0.0,0.0,0.0,2010-06-07 13:36:01,
226165512010661,2007,39,59,3181.0,318,1.0,1,2007,0.0,90.0,0.0,3.0,0.0,0.0,100.0,0.0,0.0,0.0,0.0,0.0,2010-06-07 13:36:07,
226165457010661,2007,39,71,8741.0,874,1.0,1,2007,0.0,90.0,0.0,3.0,0.0,0.0,100.0,0.0,0.0,0.0,0.0,0.0,2010-06-07 13:36:01,
226165455010661,2007,39,73,1881.0,188,1.0,1,2007,0.0,118.0,0.0,5.0,0.0,0.0,100.0,0.0,0.0,0.0,0.0,0.0,2010-06-07 13:36:01,
226165569010661,2007,39,77,13861.0,1386,1.0,1,2007,0.0,90.0,0.0,3.0,0.0,0.0,100.0,0.0,0.0,0.0,0.0,0.0,2010-06-07 13:36:15,
226165392010661,2007,39,79,3701.0,370,1.0,1,2007,0.0,106.0,0.0,4.0,0.0,0.0,100.0,0.0,0.0,0.0,0.0,0.0,2010-06-07 13:35:54,
226165567010661,2007,39,85,2351.0,235,1.0,1,2007,0.0,90.0,0.0,3.0,0.0,0.0,100.0,0.0,0.0,0.0,0.0,0.0,2010-06-07 13:36:15,
226165515010661,2007,39,89,1221.0,122,1.0,3,2007,0.0,105.0,0.0,4.0,0.0,0.0,100.0,0.0,0.0,0.0,0.0,0.0,2010-06-07 13:36:07,2010-06-11 06:14:19
226165566010661,2007,39,103,5321.0,532,1.0,1,2007,0.0,90.0,0.0,3.0,0.0,0.0,100.0,0.0,0.0,0.0,0.0,0.0,2010-06-07 13:36:14,
226165452010661,2007,39,111,4841.0,484,1.0,1,2007,0.0,102.0,0.0,4.0,0.0,0.0,100.0,0.0,0.0,0.0,0.0,0.0,2010-06-07 13:36:01,
226165568010661,2007,39,103,6151.0,615,1.0,1,2007,0.0,90.0,0.0,3.0,0.0,0.0,100.0,0.0,0.0,0.0,0.0,0.0,2010-06-07 13:36:15,
226165389010661,2007,39,105,7461.0,746,1.0,1,2007,0.0,118.0,0.0,5.0,0.0,0.0,100.0,0.0,0.0,0.0,0.0,0.0,2010-06-07 13:35:54,
226165456010661,2007,39,119,11801.0,1180,1.0,1,2007,0.0,90.0,0.0,3.0,0.0,0.0,100.0,0.0,0.0,0.0,0.0,0.0,2010-06-07 13:36:01,
226165454010661,2007,39,131,8671.0,867,1.0,1,2007,0.0,90.0,0.0,3.0,0.0,0.0,100.0,0.0,0.0,0.0,0.0,0.0,2010-06-07 13:36:01,
226165460010661,2007,39,135,2871.0,287,1.0,1,2007,0.0,90.0,0.0,3.0,0.0,0.0,100.0,0.0,0.0,0.0,0.0,0.0,2010-06-07 13:36:01,
226165394010661,2007,39,145,4511.0,451,1.0,1,2007,0.0,89.0,0.0,4.0,0.0,0.0,100.0,0.0,0.0,0.0,0.0,0.0,2010-06-07 13:35:54,
226165514010661,2007,39,151,4531.0,453,1.0,1,2007,0.0,90.0,0.0,3.0,0.0,0.0,100.0,0.0,0.0,0.0,0.0,0.0,2010-06-07 13:36:07,
226165513010661,2007,39,151,10621.0,1062,1.0,1,2007,0.0,102.0,0.0,4.0,0.0,0.0,100.0,0.0,0.0,0.0,0.0,0.0,2010-06-07 13:36:07,
226165564010661,2007,39,155,1461.0,146,1.0,2,2007,0.0,111.0,0.0,4.0,0.0,0.0,100.0,0.0,0.0,0.0,0.0,0.0,2010-06-07 13:36:14,2010-06-11 06:14:19
226165511010661,2007,39,157,8191.0,819,1.0,1,2007,0.0,90.0,0.0,3.0,0.0,0.0,100.0,0.0,0.0,0.0,0.0,0.0,2010-06-07 13:36:07,
226165453010661,2007,39,163,5741.0,574,1.0,2,2007,0.0,90.0,0.0,3.0,0.0,0.0,100.0,0.0,0.0,0.0,0.0,0.0,2010-06-07 13:36:01,2010-06-11 06:14:11
226165450010661,2007,39,167,10411.0,1041,1.0,4,2007,5.0,90.0,0.05555556,3.0,0.00722889,7.22889,93.0,0.0,3.0,3.0,0.0,0.0,2010-06-07 13:36:00,2010-06-11 06:14:11
226165517010661,2007,39,169,4701.0,470,1.0,1,2007,0.0,81.0,0.0,4.0,0.0,0.0,100.0,0.0,0.0,0.0,0.0,0.0,2010-06-07 13:36:07,
226165572010661,2007,39,173,9181.0,918,1.0,1,2007,0.0,90.0,0.0,3.0,0.0,0.0,100.0,0.0,0.0,0.0,0.0,0.0,2010-06-07 13:36:15,
226165520010661,2007,39,175,6571.0,657,1.0,1,2007,0.0,90.0,0.0,3.0,0.0,0.0,100.0,0.0,0.0,0.0,0.0,0.0,2010-06-07 13:36:08,
234060731010661,2008,39,1,3921.0,392,1.0,1,2008,1.0,90.0,0.01111111,3.0,0.00067556,0.67556,99.0,0.0,1.0,0.0,0.0,0.0,2010-09-20 12:14:53,
234060903010661,2008,39,7,7431.0,743,1.0,1,2008,0.0,120.0,0.0,5.0,0.0,0.0,100.0,0.0,0.0,0.0,0.0,0.0,2010-09-20 12:15:14,
234060788010661,2008,39,13,15641.0,1564,1.0,1,2008,0.0,90.0,0.0,3.0,0.0,0.0,100.0,0.0,0.0,0.0,0.0,0.0,2010-09-20 12:15:00,
234060799010661,2008,39,15,6481.0,648,1.0,1,2008,0.0,90.0,0.0,3.0,0.0,0.0,100.0,0.0,0.0,0.0,0.0,0.0,2010-09-20 12:15:01,
234060857010661,2008,39,37,4851.0,485,1.0,1,2008,3.0,83.0,0.03614458,3.0,0.0049,4.9,96.0,0.0,2.0,1.0,0.0,0.0,2010-09-20 12:15:09,
234060855010661,2008,39,41,8681.0,868,1.0,1,2008,0.0,90.0,0.0,3.0,0.0,0.0,100.0,0.0,0.0,0.0,0.0,0.0,2010-09-20 12:15:09,
234060858010661,2008,39,41,8921.0,892,1.0,2,2008,0.0,120.0,0.0,4.0,0.0,0.0,100.0,0.0,0.0,0.0,0.0,0.0,2010-09-20 12:15:09,2010-09-21 13:24:06
234060908010661,2008,39,43,9581.0,958,1.0,1,2008,3.0,90.0,0.03333333,3.0,0.0034,3.4,97.0,0.0,2.0,1.0,0.0,0.0,2010-09-20 12:15:14,
234060798010661,2008,39,47,12131.0,1213,1.0,1,2008,0.0,90.0,0.0,3.0,0.0,0.0,100.0,0.0,0.0,0.0,0.0,0.0,2010-09-20 12:15:01,
234060801010661,2008,39,57,14351.0,1435,1.0,1,2008,0.0,117.0,0.0,5.0,0.0,0.0,100.0,0.0,0.0,0.0,0.0,0.0,2010-09-20 12:15:01,
234060851010661,2008,39,59,3181.0,318,1.0,1,2008,0.0,75.0,0.0,3.0,0.0,0.0,100.0,0.0,0.0,0.0,0.0,0.0,2010-09-20 12:15:08,
234060797010661,2008,39,71,8741.0,874,1.0,1,2008,0.0,90.0,0.0,3.0,0.0,0.0,100.0,0.0,0.0,0.0,0.0,0.0,2010-09-20 12:15:01,
234060795010661,2008,39,73,1881.0,188,1.0,1,2008,0.0,90.0,0.0,3.0,0.0,0.0,100.0,0.0,0.0,0.0,0.0,0.0,2010-09-20 12:15:01,
234060907010661,2008,39,77,13861.0,1386,1.0,1,2008,0.0,90.0,0.0,3.0,0.0,0.0,100.0,0.0,0.0,0.0,0.0,0.0,2010-09-20 12:15:14,
234060730010661,2008,39,79,3701.0,370,1.0,1,2008,0.0,112.0,0.0,5.0,0.0,0.0,100.0,0.0,0.0,0.0,0.0,0.0,2010-09-20 12:14:53,
234060905010661,2008,39,85,2351.0,235,1.0,1,2008,0.0,119.0,0.0,5.0,0.0,0.0,100.0,0.0,0.0,0.0,0.0,0.0,2010-09-20 12:15:14,
234060854010661,2008,39,89,1221.0,122,1.0,3,2008,0.0,90.0,0.0,3.0,0.0,0.0,100.0,0.0,0.0,0.0,0.0,0.0,2010-09-20 12:15:09,2010-09-21 13:24:06
234060904010661,2008,39,103,5321.0,532,1.0,1,2008,0.0,120.0,0.0,4.0,0.0,0.0,100.0,0.0,0.0,0.0,0.0,0.0,2010-09-20 12:15:14,
234060906010661,2008,39,103,6151.0,615,1.0,1,2008,0.0,90.0,0.0,3.0,0.0,0.0,100.0,0.0,0.0,0.0,0.0,0.0,2010-09-20 12:15:14,
234060727010661,2008,39,105,7461.0,746,1.0,1,2008,0.0,110.0,0.0,4.0,0.0,0.0,100.0,0.0,0.0,0.0,0.0,0.0,2010-09-20 12:14:53,
234060792010661,2008,39,111,4841.0,484,1.0,1,2008,0.0,90.0,0.0,4.0,0.0,0.0,100.0,0.0,0.0,0.0,0.0,0.0,2010-09-20 12:15:01,
234060796010661,2008,39,119,11801.0,1180,1.0,1,2008,0.0,78.0,0.0,3.0,0.0,0.0,100.0,0.0,0.0,0.0,0.0,0.0,2010-09-20 12:15:01,
234060794010661,2008,39,131,8671.0,867,1.0,1,2008,6.0,81.0,0.07407407,3.0,0.00871379,8.71379,93.0,4.0,0.0,4.0,0.0,0.0,2010-09-20 12:15:01,
234060800010661,2008,39,135,2871.0,287,1.0,1,2008,0.0,90.0,0.0,3.0,0.0,0.0,100.0,0.0,0.0,0.0,0.0,0.0,2010-09-20 12:15:01,
234060732010661,2008,39,145,4511.0,451,1.0,1,2008,0.0,78.0,0.0,3.0,0.0,0.0,100.0,0.0,0.0,0.0,0.0,0.0,2010-09-20 12:14:53,
234060853010661,2008,39,151,4531.0,453,1.0,1,2008,0.0,107.0,0.0,4.0,0.0,0.0,100.0,0.0,0.0,0.0,0.0,0.0,2010-09-20 12:15:09,
234060852010661,2008,39,151,10621.0,1062,1.0,1,2008,0.0,90.0,0.0,3.0,0.0,0.0,100.0,0.0,0.0,0.0,0.0,0.0,2010-09-20 12:15:08,
234060902010661,2008,39,155,1461.0,146,1.0,2,2008,0.0,120.0,0.0,4.0,0.0,0.0,100.0,0.0,0.0,0.0,0.0,0.0,2010-09-20 12:15:14,2010-09-21 13:24:01
234060850010661,2008,39,157,8191.0,819,1.0,1,2008,0.0,120.0,0.0,4.0,0.0,0.0,100.0,0.0,0.0,0.0,0.0,0.0,2010-09-20 12:15:08,
234060793010661,2008,39,163,5741.0,574,1.0,2,2008,0.0,90.0,0.0,3.0,0.0,0.0,100.0,0.0,0.0,0.0,0.0,0.0,2010-09-20 12:15:01,2010-09-21 13:24:06
234060790010661,2008,39,167,10411.0,1041,1.0,4,2008,0.0,90.0,0.0,3.0,0.0,0.0,100.0,0.0,0.0,0.0,0.0,0.0,2010-09-20 12:15:01,2010-09-21 13:24:06
234060856010661,2008,39,169,4701.0,470,1.0,1,2008,0.0,90.0,0.0,3.0,0.0,0.0,100.0,0.0,0.0,0.0,0.0,0.0,2010-09-20 12:15:09,
234060910010661,2008,39,173,9181.0,918,1.0,1,2008,0.0,90.0,0.0,3.0,0.0,0.0,100.0,0.0,0.0,0.0,0.0,0.0,2010-09-20 12:15:15,
234060859010661,2008,39,175,6571.0,657,1.0,1,2008,0.0,90.0,0.0,3.0,0.0,0.0,100.0,0.0,0.0,0.0,0.0,0.0,2010-09-20 12:15:09,
234063915010661,2009,39,1,3921.0,392,1.0,1,2009,0.0,90.0,0.0,3.0,0.0,0.0,100.0,0.0,0.0,0.0,0.0,0.0,2010-09-20 12:45:59,
234064088010661,2009,39,7,7432.0,743,2.0,1,2009,6.0,92.0,0.06521739,4.0,0.00725715,7.257145,111.0,0.0,10.0,0.0,0.0,0.0,2010-09-20 12:46:16,
234063971010661,2009,39,13,15641.0,1564,1.0,1,2009,0.0,109.0,0.0,4.0,0.0,0.0,100.0,0.0,0.0,0.0,0.0,0.0,2010-09-20 12:46:05,
234063982010661,2009,39,15,6481.0,648,1.0,1,2009,0.0,90.0,0.0,3.0,0.0,0.0,100.0,0.0,0.0,0.0,0.0,0.0,2010-09-20 12:46:05,
234064035010661,2009,39,31,3181.0,318,1.0,2,2009,0.0,54.0,0.0,2.0,0.0,0.0,100.0,0.0,0.0,0.0,0.0,0.0,2010-09-20 12:46:12,2010-09-21 13:24:03
234064041010661,2009,39,37,4851.0,485,1.0,1,2009,9.0,90.0,0.1,3.0,0.02048778,20.48778,90.0,2.0,3.0,1.0,3.0,0.0,2010-09-20 12:46:12,
234064039010661,2009,39,41,8682.0,868,2.0,1,2009,0.0,74.0,0.0,3.0,0.0,0.0,100.0,0.0,0.0,0.0,0.0,0.0,2010-09-20 12:46:12,
234064042010661,2009,39,41,8921.0,892,1.0,2,2009,0.0,120.0,0.0,4.0,0.0,0.0,100.0,0.0,0.0,0.0,0.0,0.0,2010-09-20 12:46:12,2010-09-21 13:24:03
234064093010661,2009,39,43,9581.0,958,1.0,1,2009,0.0,90.0,0.0,3.0,0.0,0.0,100.0,0.0,0.0,0.0,0.0,0.0,2010-09-20 12:46:17,
234063981010661,2009,39,47,12131.0,1213,1.0,1,2009,0.0,90.0,0.0,3.0,0.0,0.0,100.0,0.0,0.0,0.0,0.0,0.0,2010-09-20 12:46:05,
234064090010661,2009,39,55,2351.0,235,1.0,2,2009,0.0,77.0,0.0,3.0,0.0,0.0,100.0,0.0,0.0,0.0,0.0,0.0,2010-09-20 12:46:16,2010-09-21 13:24:03
234063984010661,2009,39,57,14351.0,1435,1.0,1,2009,0.0,97.0,0.0,5.0,0.0,0.0,100.0,0.0,0.0,0.0,0.0,0.0,2010-09-20 12:46:05,
234063980010661,2009,39,71,8741.0,874,1.0,1,2009,0.0,90.0,0.0,3.0,0.0,0.0,100.0,0.0,0.0,0.0,0.0,0.0,2010-09-20 12:46:05,
234063978010661,2009,39,73,1881.0,188,1.0,2,2009,0.0,71.0,0.0,3.0,0.0,0.0,100.0,0.0,0.0,0.0,0.0,0.0,2010-09-20 12:46:05,2010-09-21 13:23:52
234064092010661,2009,39,77,13861.0,1386,1.0,1,2009,3.0,89.0,0.03370787,3.0,0.00119583,1.19583,101.0,1.0,2.0,0.0,0.0,0.0,2010-09-20 12:46:17,
234063914010661,2009,39,79,3701.0,370,1.0,1,2009,0.0,117.0,0.0,5.0,0.0,0.0,100.0,0.0,0.0,0.0,0.0,0.0,2010-09-20 12:45:59,
234064038010661,2009,39,89,1221.0,122,1.0,3,2009,0.0,90.0,0.0,3.0,0.0,0.0,100.0,0.0,0.0,0.0,0.0,0.0,2010-09-20 12:46:12,2010-09-21 13:24:03
234064089010661,2009,39,103,5321.0,532,1.0,1,2009,0.0,103.0,0.0,4.0,0.0,0.0,100.0,0.0,0.0,0.0,0.0,0.0,2010-09-20 12:46:16,
234064091010661,2009,39,103,6151.0,615,1.0,1,2009,0.0,60.0,0.0,2.0,0.0,0.0,100.0,0.0,0.0,0.0,0.0,0.0,2010-09-20 12:46:16,
234063910010661,2009,39,105,7461.0,746,1.0,2,2009,0.0,156.0,0.0,7.0,0.0,0.0,100.0,0.0,0.0,0.0,0.0,0.0,2010-09-20 12:45:59,2010-09-21 13:23:58
234063975010661,2009,39,119,4841.0,484,1.0,2,2009,0.0,90.0,0.0,3.0,0.0,0.0,100.0,0.0,0.0,0.0,0.0,0.0,2010-09-20 12:46:05,2010-09-21 13:23:52
234063979010661,2009,39,119,11801.0,1180,1.0,1,2009,1.0,75.0,0.01333333,3.0,6.222e-05,0.06222,99.0,0.0,1.0,0.0,0.0,0.0,2010-09-20 12:46:05,
234063977010661,2009,39,131,8671.0,867,1.0,1,2009,0.0,82.0,0.0,4.0,0.0,0.0,100.0,0.0,0.0,0.0,0.0,0.0,2010-09-20 12:46:05,
234063983010661,2009,39,135,2871.0,287,1.0,1,2009,0.0,90.0,0.0,3.0,0.0,0.0,100.0,0.0,0.0,0.0,0.0,0.0,2010-09-20 12:46:05,
234063916010661,2009,39,145,4511.0,451,1.0,2,2009,0.0,141.0,0.0,5.0,0.0,0.0,100.0,0.0,0.0,0.0,0.0,0.0,2010-09-20 12:45:59,2010-09-21 13:23:58
234064037010661,2009,39,151,4531.0,453,1.0,1,2009,0.0,75.0,0.0,3.0,0.0,0.0,100.0,0.0,0.0,0.0,0.0,0.0,2010-09-20 12:46:12,
234064036010661,2009,39,151,10621.0,1062,1.0,1,2009,0.0,74.0,0.0,3.0,0.0,0.0,100.0,0.0,0.0,0.0,0.0,0.0,2010-09-20 12:46:12,
234064087010661,2009,39,155,1461.0,146,1.0,2,2009,0.0,85.0,0.0,3.0,0.0,0.0,100.0,0.0,0.0,0.0,0.0,0.0,2010-09-20 12:46:16,2010-09-21 13:24:03
234064034010661,2009,39,157,8191.0,819,1.0,1,2009,0.0,106.0,0.0,4.0,0.0,0.0,100.0,0.0,0.0,0.0,0.0,0.0,2010-09-20 12:46:12,
234063976010661,2009,39,163,5741.0,574,1.0,2,2009,0.0,114.0,0.0,5.0,0.0,0.0,100.0,0.0,0.0,0.0,0.0,0.0,2010-09-20 12:46:05,2010-09-21 13:23:52
234063973010661,2009,39,167,10411.0,1041,1.0,4,2009,0.0,75.0,0.0,3.0,0.0,0.0,100.0,0.0,0.0,0.0,0.0,0.0,2010-09-20 12:46:05,2010-09-21 13:23:52
234064040010661,2009,39,169,4701.0,470,1.0,1,2009,0.0,70.0,0.0,3.0,0.0,0.0,100.0,0.0,0.0,0.0,0.0,0.0,2010-09-20 12:46:12,
234064095010661,2009,39,173,9181.0,918,1.0,1,2009,1.0,76.0,0.01315789,3.0,0.00067556,0.67556,99.0,0.0,1.0,0.0,0.0,0.0,2010-09-20 12:46:17,
234064043010661,2009,39,175,6571.0,657,1.0,1,2009,0.0,90.0,0.0,3.0,0.0,0.0,100.0,0.0,0.0,0.0,0.0,0.0,2010-09-20 12:46:12,
248866513010661,2010,39,1,3921.0,392,1.0,1,2010,1.0,90.0,0.01111111,3.0,0.00028444,0.28444,114.0,0.0,1.0,1.0,0.0,0.0,2011-05-24 09:05:11,
248866686010661,2010,39,7,7432.0,743,2.0,1,2010,2.0,152.0,0.01315789,5.0,0.00100389,1.00389,101.0,0.0,1.0,1.0,0.0,0.0,2011-05-24 09:05:36,
248866569010661,2010,39,13,15641.0,1564,1.0,1,2010,0.0,122.0,0.0,4.0,0.0,0.0,100.0,0.0,0.0,0.0,0.0,0.0,2011-05-24 09:05:19,
248866581010661,2010,39,15,6481.0,648,1.0,1,2010,0.0,90.0,0.0,3.0,0.0,0.0,100.0,0.0,0.0,0.0,0.0,0.0,2011-05-24 09:05:20,
248866634010661,2010,39,31,3182.0,318,2.0,2,2010,0.0,60.0,0.0,2.0,0.0,0.0,100.0,0.0,0.0,0.0,0.0,0.0,2011-05-24 09:05:28,2011-05-24 10:06:08
248866687010661,2010,39,35,5321.0,532,1.0,2,2010,0.0,112.0,0.0,4.0,0.0,0.0,100.0,0.0,0.0,0.0,0.0,0.0,2011-05-24 09:05:36,2011-05-24 10:06:08
248866640010661,2010,39,37,4851.0,485,1.0,1,2010,6.0,98.0,0.06122449,4.0,0.00313521,3.13521,94.0,3.0,3.0,0.0,0.0,0.0,2011-05-24 09:05:29,
248866638010661,2010,39,41,8682.0,868,2.0,1,2010,0.0,120.0,0.0,4.0,0.0,0.0,100.0,0.0,0.0,0.0,0.0,0.0,2011-05-24 09:05:28,
248866641010661,2010,39,41,8921.0,892,1.0,2,2010,1.0,120.0,0.00833333,5.0,0.000608,0.608,100.0,0.0,1.0,0.0,0.0,0.0,2011-05-24 09:05:29,2011-05-24 10:06:08
248866691010661,2010,39,43,9581.0,958,1.0,1,2010,2.0,123.0,0.01626016,5.0,0.00084267,0.84267,97.0,0.0,3.0,0.0,0.0,0.0,2011-05-24 09:05:36,
248866688010661,2010,39,55,2351.0,235,1.0,2,2010,0.0,82.0,0.0,3.0,0.0,0.0,100.0,0.0,0.0,0.0,0.0,0.0,2011-05-24 09:05:36,2011-05-24 10:06:08
248866583010661,2010,39,57,14351.0,1435,1.0,1,2010,0.0,139.0,0.0,5.0,0.0,0.0,100.0,0.0,0.0,0.0,0.0,0.0,2011-05-24 09:05:21,
248866578010661,2010,39,71,8742.0,874,2.0,1,2010,0.0,147.0,0.0,6.0,0.0,0.0,100.0,0.0,0.0,0.0,0.0,0.0,2011-05-24 09:05:19,
248866576010661,2010,39,73,1881.0,188,1.0,2,2010,0.0,113.0,0.0,4.0,0.0,0.0,100.0,0.0,0.0,0.0,0.0,0.0,2011-05-24 09:05:19,2011-05-24 10:06:07
248866690010661,2010,39,77,13861.0,1386,1.0,1,2010,1.0,106.0,0.00943396,4.0,0.00050667,0.50667,107.0,0.0,1.0,0.0,0.0,0.0,2011-05-24 09:05:36,
248866512010661,2010,39,79,3701.0,370,1.0,1,2010,0.0,106.0,0.0,4.0,0.0,0.0,100.0,0.0,0.0,0.0,0.0,0.0,2011-05-24 09:05:11,
248866637010661,2010,39,89,1221.0,122,1.0,3,2010,0.0,129.0,0.0,6.0,0.0,0.0,100.0,0.0,0.0,0.0,0.0,0.0,2011-05-24 09:05:28,2011-05-24 10:06:08
248866689010661,2010,39,103,6151.0,615,1.0,1,2010,0.0,90.0,0.0,3.0,0.0,0.0,100.0,0.0,0.0,0.0,0.0,0.0,2011-05-24 09:05:36,
248866509010661,2010,39,105,7461.0,746,1.0,2,2010,0.0,133.0,0.0,6.0,0.0,0.0,100.0,0.0,0.0,0.0,0.0,0.0,2011-05-24 09:05:11,2011-05-24 10:05:51
248866573010661,2010,39,119,4841.0,484,1.0,2,2010,0.0,90.0,0.0,3.0,0.0,0.0,100.0,0.0,0.0,0.0,0.0,0.0,2011-05-24 09:05:19,2011-05-24 10:06:07
248866577010661,2010,39,119,11801.0,1180,1.0,1,2010,0.0,77.0,0.0,3.0,0.0,0.0,100.0,0.0,0.0,0.0,0.0,0.0,2011-05-24 09:05:19,
248866580010661,2010,39,129,12132.0,1213,2.0,1,2010,2.0,90.0,0.02222222,3.0,9.334e-05,0.093335,103.0,2.0,0.0,0.0,0.0,0.0,2011-05-24 09:05:20,
248866575010661,2010,39,131,8671.0,867,1.0,1,2010,0.0,114.0,0.0,4.0,0.0,0.0,100.0,0.0,0.0,0.0,0.0,0.0,2011-05-24 09:05:19,
248866582010661,2010,39,135,2871.0,287,1.0,1,2010,2.0,90.0,0.02222222,3.0,0.00228,2.28,106.0,0.0,0.0,2.0,0.0,0.0,2011-05-24 09:05:20,
248866514010661,2010,39,145,4511.0,451,1.0,2,2010,0.0,120.0,0.0,4.0,0.0,0.0,100.0,0.0,0.0,0.0,0.0,0.0,2011-05-24 09:05:12,2011-05-24 10:05:51
248866636010661,2010,39,151,4531.0,453,1.0,1,2010,0.0,125.0,0.0,5.0,0.0,0.0,100.0,0.0,0.0,0.0,0.0,0.0,2011-05-24 09:05:28,
248866635010661,2010,39,151,10621.0,1062,1.0,1,2010,0.0,104.0,0.0,4.0,0.0,0.0,100.0,0.0,0.0,0.0,0.0,0.0,2011-05-24 09:05:28,
248866685010661,2010,39,155,1461.0,146,1.0,2,2010,1.0,132.0,0.00757576,5.0,0.00040533,0.40533,98.0,0.0,2.0,0.0,0.0,0.0,2011-05-24 09:05:35,2011-05-24 10:06:08
248866633010661,2010,39,157,8191.0,819,1.0,1,2010,0.0,100.0,0.0,4.0,0.0,0.0,100.0,0.0,0.0,0.0,0.0,0.0,2011-05-24 09:05:28,
248866574010661,2010,39,163,5741.0,574,1.0,2,2010,0.0,105.0,0.0,4.0,0.0,0.0,100.0,0.0,0.0,0.0,0.0,0.0,2011-05-24 09:05:19,2011-05-24 10:06:07
248866571010661,2010,39,167,10411.0,1041,1.0,4,2010,0.0,111.0,0.0,4.0,0.0,0.0,100.0,0.0,0.0,0.0,0.0,0.0,2011-05-24 09:05:19,2011-05-24 10:06:07
248866639010661,2010,39,169,4701.0,470,1.0,1,2010,0.0,114.0,0.0,4.0,0.0,0.0,100.0,0.0,0.0,0.0,0.0,0.0,2011-05-24 09:05:28,
248866693010661,2010,39,173,9182.0,918,2.0,1,2010,0.0,118.0,0.0,4.0,0.0,0.0,100.0,0.0,0.0,0.0,0.0,0.0,2011-05-24 09:05:36,
248866642010661,2010,39,175,6571.0,657,1.0,1,2010,0.0,109.0,0.0,4.0,0.0,0.0,100.0,0.0,0.0,0.0,0.0,0.0,2011-05-24 09:05:29,
