CN,INVYR,STATECD,COUNTYCD,O3PLOT,FIELD_ID,SPLIT_PLOTID,MEASYEAR,SPECIES_EVAL_CNT,BIOSITE_INDEX,ELEV,PLTSIZE,ASPECT,TERRPOS,SOILDPTH,SOILDRN,PLOTWET,PLTDSTRB,BIOSITE_INDEX_MULTIPLIER,LAT,LON,CREATED_DATE,MODIFIED_DATE
234062595010661,2009,39,7,7431.0,743,1,2009,3.0,0.01451429,1064,1.0,0,4.0,1.0,1.0,,0.0,14.514285714285714,41.543792,-80.776385,2010-09-20 12:39:54,2010-10-06 08:23:39
234062603010661,2009,39,7,7432.0,743,2,2009,3.0,0.0,1062,1.0,0,4.0,1.0,1.0,,0.0,0.0,41.548749,-80.693135,2010-09-20 12:39:57,2010-10-06 08:23:39
234062609010661,2009,39,103,5321.0,532,1,2009,4.0,0.0,1188,1.0,0,4.0,1.0,1.0,,0.0,0.0,41.191984,-81.811566,2010-09-20 12:39:58,2010-10-06 08:23:39
234062619010661,2009,39,103,6151.0,615,1,2009,2.0,0.0,984,2.0,0,4.0,1.0,1.0,,0.0,0.0,41.016574,-81.955158,2010-09-20 12:40:01,2010-10-06 08:23:39
234062624010661,2009,39,77,13861.0,1386,1,2009,3.0,0.00119583,936,1.0,0,4.0,1.0,1.0,,0.0,1.1958333333333333,41.046154,-82.746779,2010-09-20 12:40:02,2010-10-06 08:23:39
234062628010661,2009,39,43,9581.0,958,1,2009,3.0,0.0,623,1.0,0,4.0,1.0,1.0,,0.0,0.0,41.358468,-82.723817,2010-09-20 12:40:04,2010-10-06 08:23:39
234062636010661,2009,39,173,9181.0,918,1,2009,3.0,0.00067556,642,1.0,0,4.0,1.0,1.0,,0.0,0.6755555555555556,41.325164,-83.838499,2010-09-20 12:40:06,2010-10-06 08:23:39
234062278010661,2009,39,31,3181.0,318,1,2009,2.0,0.0,1114,1.0,0,4.0,1.0,1.0,,0.0,0.0,40.268949,-81.944019,2010-09-20 12:38:25,2010-10-06 08:23:39
234062614010661,2009,39,55,2351.0,235,1,2009,3.0,0.0,1239,1.0,340,1.0,1.0,1.0,,0.0,0.0,41.509463,-81.219185,2010-09-20 12:40:00,2010-10-06 08:23:39
234061921010661,2009,39,119,4841.0,484,1,2009,3.0,0.0,1071,1.0,0,1.0,1.0,1.0,,0.0,0.0,39.897398,-81.773387,2010-09-20 12:36:42,2010-10-06 08:23:39
234058389010661,2008,39,1,3921.0,392,1,2008,3.0,0.00067556,925,1.0,0,4.0,1.0,1.0,,0.0,0.6755555555555556,38.8244,-83.642943,2010-09-20 12:03:47,2010-09-24 11:01:34
234059185010661,2008,39,41,8921.0,892,1,2008,4.0,0.0,942,1.0,0,4.0,1.0,1.0,,0.0,0.0,40.281567,-82.980306,2010-09-20 12:07:34,2010-09-24 11:01:34
234058811010661,2008,39,71,8741.0,874,1,2008,3.0,0.0,1117,1.0,0,4.0,1.0,1.0,,0.0,0.0,39.323019,-83.602994,2010-09-20 12:05:48,2010-09-24 11:01:34
234059167010661,2008,39,89,1221.0,122,1,2008,3.0,0.0,1168,1.0,0,4.0,1.0,1.0,,0.0,0.0,40.135732,-82.284851,2010-09-20 12:07:29,2010-09-24 11:01:35
234058807010661,2008,39,119,11801.0,1180,1,2008,3.0,0.0,808,1.0,0,4.0,1.0,1.0,,0.0,0.0,39.932034,-82.047912,2010-09-20 12:05:47,2010-09-24 11:01:35
226163718010661,2007,39,71,8741.0,874,1,2007,3.0,0.0,1021,2.0,0,4.0,1.0,1.0,,0.0,0.0,39.323019,-83.602994,2010-06-07 13:27:39,2010-09-24 11:01:37
226164009010661,2007,39,89,1221.0,122,1,2007,4.0,0.0,1130,1.0,0,4.0,1.0,1.0,,0.0,0.0,40.135732,-82.284851,2010-06-07 13:29:03,2010-09-24 11:01:37
226163714010661,2007,39,119,11801.0,1180,1,2007,3.0,0.0,790,2.0,0,4.0,1.0,1.0,,0.0,0.0,39.932034,-82.047912,2010-06-07 13:27:38,2010-09-24 11:01:37
248864075010661,2010,39,79,3701.0,370,1,2010,4.0,0.0,719,1.0,132,3.0,1.0,1.0,,0.0,0.0,38.958645,-82.515822,2011-05-24 08:52:28,
248864082010661,2010,39,1,3921.0,392,1,2010,3.0,0.00028444,666,1.0,0,4.0,1.0,1.0,,0.0,0.28444444444444444,38.8244,-83.642943,2011-05-24 08:52:30,
248864058010661,2010,39,105,7461.0,746,1,2010,6.0,0.0,888,1.0,110,1.0,1.0,1.0,,0.0,0.0,39.154109,-81.777631,2011-05-24 08:52:23,
248864088010661,2010,39,145,4511.0,451,1,2010,4.0,0.0,915,1.0,0,5.0,1.0,2.0,,0.0,0.0,38.715805,-83.182044,2011-05-24 08:52:32,
248864443010661,2010,39,13,15641.0,1564,1,2010,4.0,0.0,1258,2.0,0,1.0,1.0,1.0,,0.0,0.0,40.018719,-81.045819,2011-05-24 08:54:24,
248864455010661,2010,39,167,10411.0,1041,1,2010,4.0,0.0,628,2.0,0,4.0,1.0,1.0,,0.0,0.0,39.331503,-81.671281,2011-05-24 08:54:28,
248864469010661,2010,39,119,4841.0,484,1,2010,3.0,0.0,1069,1.0,0,1.0,1.0,1.0,,0.0,0.0,39.897398,-81.773387,2011-05-24 08:54:32,
248864475010661,2010,39,163,5741.0,574,1,2010,4.0,0.0,937,1.0,0,1.0,1.0,1.0,,0.0,0.0,39.357768,-82.446452,2011-05-24 08:54:34,
248864481010661,2010,39,131,8671.0,867,1,2010,4.0,0.0,721,1.0,0,4.0,1.0,1.0,,0.0,0.0,39.11922,-83.063307,2011-05-24 08:54:36,
248864487010661,2010,39,73,1881.0,188,1,2010,4.0,0.0,739,1.0,0,4.0,1.0,1.0,,0.0,0.0,39.41132,-82.716888,2011-05-24 08:54:38,
248864492010661,2010,39,119,11801.0,1180,1,2010,3.0,0.0,820,1.0,0,4.0,1.0,1.0,,0.0,0.0,39.932034,-82.047912,2011-05-24 08:54:39,
248864499010661,2010,39,71,8741.0,874,1,2010,4.0,0.0,1148,1.0,280,4.0,1.0,1.0,,0.0,0.0,39.323019,-83.602994,2011-05-24 08:54:42,
248864506010661,2010,39,71,8742.0,874,2,2010,5.0,0.0,1141,1.0,0,4.0,1.0,1.0,,0.0,0.0,39.3084,-83.5622,2011-05-24 08:54:44,
248864511010661,2010,39,47,12132.0,1213,2,2010,1.0,0.0,829,1.0,0,4.0,1.0,1.0,,0.0,0.0,39.586292,-83.305128,2011-05-24 08:54:45,
248864521010661,2010,39,15,6481.0,648,1,2010,3.0,0.0,666,1.0,0,4.0,1.0,1.0,,0.0,0.0,39.100364,-83.906418,2011-05-24 08:54:48,
248864527010661,2010,39,135,2871.0,287,1,2010,3.0,0.00228,973,2.0,0,4.0,1.0,1.0,,0.0,2.28,39.576402,-84.698738,2011-05-24 08:54:50,
248864534010661,2010,39,57,14351.0,1435,1,2010,5.0,0.0,800,1.0,0,4.0,1.0,1.0,,0.0,0.0,39.609909,-84.010468,2011-05-24 08:54:52,
248864848010661,2010,39,157,8191.0,819,1,2010,4.0,0.0,878,1.0,0,4.0,1.0,1.0,,0.0,0.0,40.463445,-81.431996,2011-05-24 08:56:33,
248864853010661,2010,39,31,3181.0,318,1,2010,2.0,0.0,1117,1.0,0,4.0,1.0,1.0,,0.0,0.0,40.268949,-81.944019,2011-05-24 08:56:35,
248864858010661,2010,39,31,3182.0,318,2,2010,1.0,0.0,1117,1.0,0,4.0,1.0,1.0,,0.0,0.0,40.2572,-81.9215,2011-05-24 08:56:36,
248864864010661,2010,39,151,10621.0,1062,1,2010,4.0,0.0,1127,1.0,0,4.0,1.0,1.0,,0.0,0.0,40.75803,-81.340198,2011-05-24 08:56:38,
248864870010661,2010,39,151,4531.0,453,1,2010,5.0,0.0,1207,1.0,0,4.0,1.0,1.0,,0.0,0.0,40.885044,-81.228732,2011-05-24 08:56:40,
248864877010661,2010,39,89,1221.0,122,1,2010,6.0,0.0,1199,1.0,0,4.0,1.0,1.0,,0.0,0.0,40.135732,-82.284851,2011-05-24 08:56:42,
248864882010661,2010,39,41,8681.0,868,1,2010,4.0,0.0,937,1.0,0,4.0,1.0,2.0,,0.0,0.0,40.348801,-83.135991,2011-05-24 08:56:44,
248864887010661,2010,39,41,8682.0,868,2,2010,2.0,0.0,974,2.0,0,4.0,1.0,1.0,,0.0,0.0,40.39867,-83.079618,2011-05-24 08:56:45,
248864892010661,2010,39,169,4701.0,470,1,2010,4.0,0.0,962,2.0,0,4.0,1.0,1.0,,0.0,0.0,40.679701,-82.038926,2011-05-24 08:56:47,
248864897010661,2010,39,37,4851.0,485,1,2010,4.0,0.00313521,1041,1.0,0,4.0,1.0,1.0,,0.0,3.1352083333333334,40.199578,-84.501766,2011-05-24 08:56:49,
248864904010661,2010,39,41,8921.0,892,1,2010,5.0,0.000608,949,1.0,100,4.0,1.0,1.0,,0.0,0.608,40.281567,-82.980306,2011-05-24 08:56:51,
248864909010661,2010,39,175,6571.0,657,1,2010,4.0,0.0,828,1.0,0,4.0,1.0,1.0,,0.0,0.0,40.880481,-83.404792,2011-05-24 08:56:53,
248865174010661,2010,39,155,1461.0,146,1,2010,5.0,0.00040533,956,1.0,0,4.0,1.0,1.0,,0.0,0.4053333333333333,41.332312,-80.87382,2011-05-24 08:58:18,
248865181010661,2010,39,7,7431.0,743,1,2010,3.0,0.00200778,1061,1.0,0,4.0,1.0,1.0,,0.0,2.0077777777777777,41.543792,-80.776385,2011-05-24 08:58:20,
248865188010661,2010,39,7,7432.0,743,2,2010,5.0,0.0,1066,1.0,0,4.0,1.0,1.0,,0.0,0.0,41.548749,-80.693135,2011-05-24 08:58:22,
248865200010661,2010,39,55,2351.0,235,1,2010,3.0,0.0,1212,1.0,340,1.0,1.0,1.0,,0.0,0.0,41.509463,-81.219185,2011-05-24 08:58:26,
248865206010661,2010,39,103,6151.0,615,1,2010,3.0,0.0,972,2.0,0,4.0,1.0,1.0,,0.0,0.0,41.016574,-81.955158,2011-05-24 08:58:28,
248865213010661,2010,39,77,13861.0,1386,1,2010,4.0,0.00050667,939,1.0,0,4.0,1.0,1.0,,0.0,0.5066666666666667,41.046154,-82.746779,2011-05-24 08:58:30,
248865219010661,2010,39,43,9581.0,958,1,2010,5.0,0.00084267,647,1.0,0,4.0,1.0,1.0,,0.0,0.8426666666666667,41.358468,-82.723817,2011-05-24 08:58:32,
248865229010661,2010,39,173,9181.0,918,1,2010,4.0,0.0,688,1.0,0,4.0,1.0,1.0,,1.0,0.0,41.325164,-83.838499,2011-05-24 08:58:35,
248865235010661,2010,39,173,9182.0,918,2,2010,3.0,0.0,616,2.0,0,4.0,1.0,1.0,,1.0,0.0,41.3371,-83.8288,2011-05-24 08:58:37,
248864516010661,2010,39,129,12131.0,1213,1,2010,2.0,0.00018667,881,1.0,0,4.0,1.0,1.0,,0.0,0.18666666666666668,39.5984,-83.2513,2011-05-24 08:54:47,
248865195010661,2010,39,35,5321.0,532,1,2010,4.0,0.0,636,1.0,0,4.0,1.0,1.0,,0.0,0.0,41.3342,-81.623,2011-05-24 08:58:25,
234061544010661,2009,39,145,4511.0,451,1,2009,5.0,0.0,930,1.0,0,5.0,1.0,2.0,,0.0,0.0,38.715805,-83.182044,2010-09-20 12:34:53,2010-10-06 08:23:36
234061949010661,2009,39,71,8741.0,874,1,2009,3.0,0.0,1128,2.0,0,4.0,1.0,1.0,,0.0,0.0,39.323019,-83.602994,2010-09-20 12:36:50,2010-10-06 08:23:36
234062283010661,2009,39,151,10621.0,1062,1,2009,3.0,0.0,1119,2.0,0,4.0,1.0,1.0,,0.0,0.0,40.75803,-81.340198,2010-09-20 12:38:26,2010-10-06 08:23:36
234062309010661,2009,39,37,4851.0,485,1,2009,3.0,0.02048778,1027,1.0,0,4.0,1.0,1.0,,0.0,20.48777777777778,40.199578,-84.501766,2010-09-20 12:38:33,2010-10-06 08:23:36
226149612010661,2002,39,1,3921.0,392,1,2002,3.0,0.0,964,1.0,220,4.0,1.0,1.0,,0.0,0.0,38.8244,-83.642943,2010-06-07 12:00:27,2010-09-24 11:01:11
226150444010661,2002,39,7,7431.0,743,1,2002,6.0,0.0,1059,1.0,0,4.0,1.0,2.0,,0.0,0.0,41.543792,-80.776385,2010-06-07 12:04:06,2010-09-24 11:01:11
226149881010661,2002,39,13,15641.0,1564,1,2002,5.0,0.0,1201,1.0,285,3.0,1.0,1.0,,0.0,0.0,40.018719,-81.045819,2010-06-07 12:01:40,2010-09-24 11:01:11
226149930010661,2002,39,15,6481.0,648,1,2002,4.0,0.00786,900,1.0,188,3.0,1.0,3.0,,0.0,7.86,39.100364,-83.906418,2010-06-07 12:01:52,2010-09-24 11:01:11
226150200010661,2002,39,37,4851.0,485,1,2002,3.0,7.339e-05,1000,1.0,80,1.0,1.0,1.0,,0.0,0.07338709677419354,40.199578,-84.501766,2010-06-07 12:03:04,2010-09-24 11:01:11
226150192010661,2002,39,41,8681.0,868,1,2002,3.0,0.0,871,1.0,0,4.0,1.0,1.0,,0.0,0.0,40.348801,-83.135991,2010-06-07 12:03:02,2010-09-24 11:01:11
226150204010661,2002,39,41,8921.0,892,1,2002,3.0,0.0,960,1.0,330,4.0,1.0,1.0,,0.0,0.0,40.286902,-82.928937,2010-06-07 12:03:05,2010-09-24 11:01:11
226150465010661,2002,39,43,9581.0,958,1,2002,3.0,0.00333556,620,1.0,0,4.0,1.0,1.0,,0.0,3.3355555555555556,41.358468,-82.723817,2010-06-07 12:04:11,2010-09-24 11:01:11
226149925010661,2002,39,47,12131.0,1213,1,2002,3.0,0.0,837,1.0,90,3.0,1.0,1.0,,0.0,0.0,39.586292,-83.305128,2010-06-07 12:01:50,2010-09-24 11:01:11
226149939010661,2002,39,57,14351.0,1435,1,2002,4.0,0.0,863,1.0,98,4.0,1.0,3.0,,0.0,0.0,39.609909,-84.010468,2010-06-07 12:01:54,2010-09-24 11:01:11
226150177010661,2002,39,59,3181.0,318,1,2002,4.0,0.0,804,1.0,15,3.0,1.0,1.0,,0.0,0.0,40.111286,-81.622874,2010-06-07 12:02:59,2010-09-24 11:01:11
226149921010661,2002,39,71,8741.0,874,1,2002,3.0,0.0,1122,1.0,357,4.0,1.0,1.0,,0.0,0.0,39.323019,-83.602994,2010-06-07 12:01:49,2010-09-24 11:01:11
226149914010661,2002,39,73,1881.0,188,1,2002,5.0,0.00067118,1066,2.0,277,1.0,1.0,1.0,,0.0,0.6711764705882353,39.468412,-82.604922,2010-06-07 12:01:47,2010-09-24 11:01:11
226150461010661,2002,39,77,13861.0,1386,1,2002,3.0,0.0,930,1.0,0,4.0,1.0,1.0,,0.0,0.0,41.046154,-82.746779,2010-06-07 12:04:10,2010-09-24 11:01:11
226149608010661,2002,39,79,3701.0,370,1,2002,3.0,0.01260972,665,1.0,0,5.0,1.0,1.0,,0.0,12.609722222222222,38.958645,-82.515822,2010-06-07 12:00:26,2010-09-24 11:01:11
226150454010661,2002,39,85,2351.0,235,1,2002,5.0,0.00017306,975,1.0,0,4.0,1.0,1.0,,0.0,0.17306451612903226,41.687595,-81.261132,2010-06-07 12:04:09,2010-09-24 11:01:11
226150188010661,2002,39,89,1221.0,122,1,2002,2.0,0.0,1114,1.0,0,4.0,1.0,1.0,,0.0,0.0,40.151518,-82.383651,2010-06-07 12:03:01,2010-09-24 11:01:11
226150437010661,2002,39,99,1461.0,146,1,2002,3.0,0.0,1055,1.0,0,4.0,1.0,1.0,,0.0,0.0,41.123607,-80.862233,2010-06-07 12:04:04,2010-09-24 11:01:11
226150448010661,2002,39,103,5321.0,532,1,2002,3.0,0.01030222,1165,1.0,0,4.0,1.0,1.0,,0.0,10.302222222222222,41.191984,-81.811566,2010-06-07 12:04:07,2010-09-24 11:01:11
226150457010661,2002,39,103,6151.0,615,1,2002,2.0,0.0,955,1.0,0,4.0,1.0,1.0,,0.0,0.0,41.016574,-81.955158,2010-06-07 12:04:09,2010-09-24 11:01:11
226149596010661,2002,39,105,7461.0,746,1,2002,3.0,0.0,656,1.0,70,1.0,1.0,1.0,,0.0,0.0,39.118137,-81.838284,2010-06-07 12:00:23,2010-09-24 11:01:11
226149898010661,2002,39,111,4841.0,484,1,2002,4.0,0.0074875,1013,1.0,130,3.0,1.0,1.0,,0.0,7.4875,39.708849,-81.149776,2010-06-07 12:01:43,2010-09-24 11:01:11
226149917010661,2002,39,119,11801.0,1180,1,2002,2.0,0.0,780,2.0,0,1.0,1.0,1.0,,0.0,0.0,39.932034,-82.047912,2010-06-07 12:01:48,2010-09-24 11:01:11
226149934010661,2002,39,135,2871.0,287,1,2002,3.0,0.0,955,1.0,60,4.0,1.0,1.0,,0.0,0.0,39.576402,-84.698738,2010-06-07 12:01:53,2010-09-24 11:01:11
226149619010661,2002,39,145,4511.0,451,1,2002,6.0,0.0,568,1.0,277,3.0,1.0,1.0,,0.0,0.0,38.809355,-82.932933,2010-06-07 12:00:28,2010-09-24 11:01:11
226150180010661,2002,39,151,10621.0,1062,1,2002,2.0,0.0,1139,1.0,125,3.0,1.0,1.0,,0.0,0.0,40.75803,-81.340198,2010-06-07 12:03:00,2010-09-24 11:01:11
226150185010661,2002,39,151,4531.0,453,1,2002,4.0,0.0,1215,1.0,0,4.0,1.0,1.0,,0.0,0.0,40.885044,-81.228732,2010-06-07 12:03:01,2010-09-24 11:01:11
226149902010661,2002,39,163,5741.0,574,1,2002,3.0,0.0,708,1.0,52,3.0,1.0,1.0,,0.0,0.0,39.324782,-82.54242,2010-06-07 12:01:44,2010-09-24 11:01:11
226149889010661,2002,39,167,10411.0,1041,1,2002,3.0,0.0,778,1.0,171,1.0,1.0,1.0,,0.0,0.0,39.465234,-81.483839,2010-06-07 12:01:41,2010-09-24 11:01:11
226150196010661,2002,39,169,4701.0,470,1,2002,3.0,0.0,1088,1.0,0,2.0,1.0,1.0,,0.0,0.0,40.679701,-82.038926,2010-06-07 12:03:03,2010-09-24 11:01:11
226150477010661,2002,39,173,9181.0,918,1,2002,3.0,0.0,629,2.0,0,4.0,1.0,1.0,,0.0,0.0,41.325164,-83.838499,2010-06-07 12:04:14,2010-09-24 11:01:11
234058367010661,2008,39,105,7461.0,746,1,2008,4.0,0.0,642,1.0,65,1.0,1.0,1.0,,0.0,0.0,39.118137,-81.838284,2010-09-20 12:03:41,2010-09-24 11:01:35
234058790010661,2008,39,111,4841.0,484,1,2008,4.0,0.0,954,1.0,0,4.0,1.0,1.0,,0.0,0.0,39.708849,-81.149776,2010-09-20 12:05:42,2010-09-24 11:01:35
234058799010661,2008,39,131,8671.0,867,1,2008,3.0,0.00871379,719,1.0,0,4.0,1.0,1.0,,0.0,8.713793103448277,39.11922,-83.063307,2010-09-20 12:05:44,2010-09-24 11:01:35
234058824010661,2008,39,135,2871.0,287,1,2008,3.0,0.0,965,1.0,0,4.0,1.0,1.0,,0.0,0.0,39.576402,-84.698738,2010-09-20 12:05:52,2010-09-24 11:01:35
234058394010661,2008,39,145,4511.0,451,1,2008,3.0,0.0,581,1.0,0,4.0,1.0,1.0,,0.0,0.0,38.809355,-82.932933,2010-09-20 12:03:49,2010-09-24 11:01:35
234059158010661,2008,39,151,10621.0,1062,1,2008,3.0,0.0,1111,2.0,0,4.0,1.0,1.0,,0.0,0.0,40.75803,-81.340198,2010-09-20 12:07:26,2010-09-24 11:01:35
234059163010661,2008,39,151,4531.0,453,1,2008,4.0,0.0,1211,1.0,0,4.0,1.0,1.0,,0.0,0.0,40.885044,-81.228732,2010-09-20 12:07:28,2010-09-24 11:01:35
234059447010661,2008,39,155,1461.0,146,1,2008,4.0,0.0,929,1.0,0,4.0,1.0,1.0,,0.0,0.0,41.332312,-80.87382,2010-09-20 12:08:49,2010-09-24 11:01:35
234059150010661,2008,39,157,8191.0,819,1,2008,4.0,0.0,907,2.0,0,4.0,1.0,1.0,,0.0,0.0,40.463445,-81.431996,2010-09-20 12:07:24,2010-09-24 11:01:35
234058795010661,2008,39,163,5741.0,574,1,2008,3.0,0.0,949,1.0,100,1.0,1.0,1.0,,0.0,0.0,39.357768,-82.446452,2010-09-20 12:05:43,2010-09-24 11:01:35
234058773010661,2008,39,167,10411.0,1041,1,2008,3.0,0.0,650,1.0,0,4.0,1.0,1.0,,0.0,0.0,39.331503,-81.671281,2010-09-20 12:05:37,2010-09-24 11:01:35
234059176010661,2008,39,169,4701.0,470,1,2008,3.0,0.0,960,2.0,0,4.0,1.0,1.0,,0.0,0.0,40.679701,-82.038926,2010-09-20 12:07:31,2010-09-24 11:01:35
234059488010661,2008,39,173,9181.0,918,1,2008,3.0,0.0,642,1.0,0,4.0,1.0,1.0,,0.0,0.0,41.325164,-83.838499,2010-09-20 12:09:01,2010-09-24 11:01:35
234059189010661,2008,39,175,6571.0,657,1,2008,3.0,0.0,802,1.0,0,4.0,1.0,1.0,,0.0,0.0,40.880481,-83.404792,2010-09-20 12:07:35,2010-09-24 11:01:35
226161543010661,2006,39,7,7431.0,743,1,2006,3.0,0.0,960,1.0,0,4.0,1.0,2.0,,0.0,0.0,41.543792,-80.776385,2010-06-07 13:16:46,2010-09-24 11:01:36
226161010010661,2006,39,13,15641.0,1564,1,2006,3.0,0.0,1150,1.0,0,4.0,1.0,1.0,,0.0,0.0,40.018719,-81.045819,2010-06-07 13:13:44,2010-09-24 11:01:36
226161056010661,2006,39,15,6481.0,648,1,2006,3.0,0.00067556,815,1.0,0,4.0,1.0,1.0,,0.0,0.6755555555555556,39.100364,-83.906418,2010-06-07 13:13:57,2010-09-24 11:01:36
226161341010661,2006,39,37,4851.0,485,1,2006,3.0,0.00302659,929,1.0,0,4.0,1.0,1.0,,0.0,3.026594982078853,40.199578,-84.501766,2010-06-07 13:15:34,2010-09-24 11:01:36
226161332010661,2006,39,41,8681.0,868,1,2006,3.0,0.0,822,1.0,0,4.0,1.0,1.0,,0.0,0.0,40.348801,-83.135991,2010-06-07 13:15:32,2010-09-24 11:01:36
226161345010661,2006,39,41,8921.0,892,1,2006,3.0,0.00018667,830,1.0,0,4.0,1.0,1.0,,0.0,0.18666666666666668,40.281567,-82.980306,2010-06-07 13:15:35,2010-09-24 11:01:36
226161563010661,2006,39,43,9581.0,958,1,2006,3.0,0.0,514,1.0,0,4.0,1.0,1.0,,0.0,0.0,41.358468,-82.723817,2010-06-07 13:16:52,2010-09-24 11:01:36
226161052010661,2006,39,47,12131.0,1213,1,2006,3.0,0.0,750,1.0,0,4.0,1.0,1.0,,0.0,0.0,39.586292,-83.305128,2010-06-07 13:13:56,2010-09-24 11:01:36
226161064010661,2006,39,57,14351.0,1435,1,2006,3.0,0.0,802,1.0,0,4.0,1.0,1.0,,0.0,0.0,39.609909,-84.010468,2010-06-07 13:13:59,2010-09-24 11:01:36
226161316010661,2006,39,59,3181.0,318,1,2006,3.0,0.0,703,1.0,10,3.0,1.0,1.0,,0.0,0.0,40.111286,-81.622874,2010-06-07 13:15:27,2010-09-24 11:01:36
226161048010661,2006,39,71,8741.0,874,1,2006,3.0,0.0,1024,1.0,0,4.0,1.0,1.0,,0.0,0.0,39.323019,-83.602994,2010-06-07 13:13:55,2010-09-24 11:01:36
226161040010661,2006,39,73,1881.0,188,1,2006,3.0,0.0,1142,1.0,0,1.0,1.0,1.0,,0.0,0.0,39.468412,-82.604922,2010-06-07 13:13:53,2010-09-24 11:01:36
226161559010661,2006,39,77,13861.0,1386,1,2006,3.0,0.0,785,1.0,0,4.0,1.0,1.0,,0.0,0.0,41.046154,-82.746779,2010-06-07 13:16:51,2010-09-24 11:01:36
226160721010661,2006,39,79,3701.0,370,1,2006,3.0,0.0,628,1.0,0,4.0,1.0,1.0,,0.0,0.0,38.958645,-82.515822,2010-06-07 13:12:04,2010-09-24 11:01:36
226161551010661,2006,39,85,2351.0,235,1,2006,3.0,0.0,920,1.0,0,4.0,1.0,1.0,,0.0,0.0,41.687595,-81.261132,2010-06-07 13:16:49,2010-09-24 11:01:36
226161328010661,2006,39,89,1221.0,122,1,2006,3.0,7.583e-05,1069,1.0,0,3.0,1.0,1.0,,0.0,0.07583333333333334,40.142783,-82.221979,2010-06-07 13:15:31,2010-09-24 11:01:37
226161547010661,2006,39,103,5321.0,532,1,2006,3.0,0.00127167,1066,1.0,0,4.0,1.0,1.0,,0.0,1.2716666666666667,41.191984,-81.811566,2010-06-07 13:16:48,2010-09-24 11:01:37
226161555010661,2006,39,103,6151.0,615,1,2006,3.0,0.0,841,1.0,0,4.0,1.0,1.0,,0.0,0.0,41.016574,-81.955158,2010-06-07 13:16:50,2010-09-24 11:01:37
226160708010661,2006,39,105,7461.0,746,1,2006,4.0,0.0,485,1.0,65,1.0,1.0,1.0,,0.0,0.0,39.118137,-81.838284,2010-06-07 13:11:59,2010-09-24 11:01:37
226161028010661,2006,39,111,4841.0,484,1,2006,3.0,0.0,984,1.0,130,3.0,1.0,1.0,,0.0,0.0,39.708849,-81.149776,2010-06-07 13:13:50,2010-09-24 11:01:37
226161044010661,2006,39,119,11801.0,1180,1,2006,3.0,0.00089111,687,1.0,310,1.0,1.0,1.0,,0.0,0.8911111111111111,39.932034,-82.047912,2010-06-07 13:13:54,2010-09-24 11:01:37
226161036010661,2006,39,131,8671.0,867,1,2006,3.0,0.00380444,609,1.0,0,4.0,1.0,1.0,,0.0,3.8044444444444445,39.11922,-83.063307,2010-06-07 13:13:52,2010-09-24 11:01:37
226160725010661,2006,39,1,3921.0,392,1,2006,3.0,0.0,887,1.0,0,4.0,1.0,1.0,,0.0,0.0,38.8244,-83.642943,2010-06-07 13:12:05,2010-09-24 11:01:37
226161060010661,2006,39,135,2871.0,287,1,2006,3.0,0.0,863,1.0,0,4.0,1.0,1.0,,0.0,0.0,39.576402,-84.698738,2010-06-07 13:13:58,2010-09-24 11:01:37
226160729010661,2006,39,145,4511.0,451,1,2006,3.0,0.0,440,1.0,0,4.0,1.0,1.0,,0.0,0.0,38.809355,-82.932933,2010-06-07 13:12:06,2010-09-24 11:01:37
226161320010661,2006,39,151,10621.0,1062,1,2006,3.0,0.0,1034,1.0,0,4.0,1.0,1.0,,0.0,0.0,40.75803,-81.340198,2010-06-07 13:15:28,2010-09-24 11:01:37
226161324010661,2006,39,151,4531.0,453,1,2006,3.0,0.0,1114,1.0,0,4.0,1.0,1.0,,0.0,0.0,40.885044,-81.228732,2010-06-07 13:15:30,2010-09-24 11:01:37
226161539010661,2006,39,155,1461.0,146,1,2006,4.0,0.0,813,1.0,0,4.0,1.0,1.0,,0.0,0.0,41.332312,-80.87382,2010-06-07 13:16:45,2010-09-24 11:01:37
226161312010661,2006,39,157,8191.0,819,1,2006,3.0,0.0,787,1.0,0,4.0,1.0,1.0,,0.0,0.0,40.463445,-81.431996,2010-06-07 13:15:26,2010-09-24 11:01:37
226161032010661,2006,39,163,5741.0,574,1,2006,3.0,0.0,807,1.0,192,1.0,1.0,1.0,,0.0,0.0,39.357768,-82.446452,2010-06-07 13:13:51,2010-09-24 11:01:37
226161020010661,2006,39,167,10411.0,1041,1,2006,3.0,0.0,557,1.0,0,4.0,1.0,1.0,,0.0,0.0,39.331503,-81.671281,2010-06-07 13:13:47,2010-09-24 11:01:37
226161337010661,2006,39,169,4701.0,470,1,2006,4.0,0.0,947,1.0,0,3.0,1.0,1.0,,0.0,0.0,40.679701,-82.038926,2010-06-07 13:15:33,2010-09-24 11:01:37
226161571010661,2006,39,173,9181.0,918,1,2006,3.0,0.0,541,1.0,0,4.0,1.0,1.0,,0.0,0.0,41.325164,-83.838499,2010-06-07 13:16:55,2010-09-24 11:01:37
226161349010661,2006,39,175,6571.0,657,1,2006,3.0,0.0,745,1.0,0,4.0,1.0,1.0,,0.0,0.0,40.880481,-83.404792,2010-06-07 13:15:36,2010-09-24 11:01:37
226163404010661,2007,39,145,4511.0,451,1,2007,4.0,0.0,475,1.0,0,4.0,1.0,1.0,,0.0,0.0,38.809355,-82.932933,2010-06-07 13:26:02,2010-09-24 11:01:37
226164000010661,2007,39,151,10621.0,1062,1,2007,4.0,0.0,1030,2.0,0,4.0,1.0,1.0,,0.0,0.0,40.75803,-81.340198,2010-06-07 13:29:00,2010-09-24 11:01:37
226164004010661,2007,39,151,4531.0,453,1,2007,3.0,0.0,1115,1.0,0,4.0,1.0,1.0,,0.0,0.0,40.885044,-81.228732,2010-06-07 13:29:02,2010-09-24 11:01:37
226164247010661,2007,39,155,1461.0,146,1,2007,4.0,0.0,832,1.0,0,4.0,1.0,1.0,,0.0,0.0,41.332312,-80.87382,2010-06-07 13:30:23,2010-09-24 11:01:37
226163991010661,2007,39,157,8191.0,819,1,2007,3.0,0.0,794,2.0,0,4.0,1.0,1.0,,0.0,0.0,40.463445,-81.431996,2010-06-07 13:28:58,2010-09-24 11:01:37
226163700010661,2007,39,163,5741.0,574,1,2007,3.0,0.0,772,2.0,0,4.0,1.0,1.0,,0.0,0.0,39.357768,-82.446452,2010-06-07 13:27:34,2010-09-24 11:01:37
226163686010661,2007,39,167,10411.0,1041,1,2007,3.0,0.00722889,547,2.0,0,4.0,1.0,1.0,,1.0,7.228888888888889,39.331503,-81.671281,2010-06-07 13:27:30,2010-09-24 11:01:37
226164021010661,2007,39,169,4701.0,470,1,2007,4.0,0.0,846,2.0,0,4.0,1.0,1.0,,0.0,0.0,40.679701,-82.038926,2010-06-07 13:29:07,2010-09-24 11:01:37
226164281010661,2007,39,173,9181.0,918,1,2007,3.0,0.0,569,1.0,0,4.0,1.0,1.0,,0.0,0.0,41.325164,-83.838499,2010-06-07 13:30:31,2010-09-24 11:01:37
226164033010661,2007,39,175,6571.0,657,1,2007,3.0,0.0,718,1.0,0,4.0,1.0,1.0,,0.0,0.0,40.880481,-83.404792,2010-06-07 13:29:10,2010-09-24 11:01:37
226163399010661,2007,39,1,3921.0,392,1,2007,4.0,0.0,851,1.0,0,4.0,1.0,1.0,,0.0,0.0,38.8244,-83.642943,2010-06-07 13:26:00,2010-09-24 11:01:37
226164251010661,2007,39,7,7431.0,743,1,2007,3.0,0.0,960,2.0,0,4.0,1.0,1.0,,0.0,0.0,41.543792,-80.776385,2010-06-07 13:30:24,2010-09-24 11:01:37
226163678010661,2007,39,13,15641.0,1564,1,2007,3.0,0.0,1206,1.0,0,4.0,1.0,1.0,,0.0,0.0,40.018719,-81.045819,2010-06-07 13:27:28,2010-09-24 11:01:37
226163727010661,2007,39,15,6481.0,648,1,2007,3.0,0.0,831,2.0,0,4.0,1.0,1.0,,0.0,0.0,39.100364,-83.906418,2010-06-07 13:27:41,2010-09-24 11:01:37
226164025010661,2007,39,37,4851.0,485,1,2007,3.0,0.00155361,923,2.0,10,3.0,1.0,1.0,,0.0,1.553611111111111,40.199578,-84.501766,2010-06-07 13:29:08,2010-09-24 11:01:37
226164013010661,2007,39,41,8681.0,868,1,2007,3.0,0.00167667,846,1.0,0,4.0,1.0,1.0,,0.0,1.6766666666666667,40.348801,-83.135991,2010-06-07 13:29:04,2010-09-24 11:01:37
226164016010661,2007,39,41,8682.0,868,2,2007,2.0,0.0,852,1.0,0,4.0,1.0,1.0,,0.0,0.0,40.39867,-83.079618,2010-06-07 13:29:05,2010-09-24 11:01:37
226164029010661,2007,39,41,8921.0,892,1,2007,3.0,0.00389444,810,1.0,0,4.0,1.0,1.0,,0.0,3.8944444444444444,40.281567,-82.980306,2010-06-07 13:29:09,2010-09-24 11:01:37
226164271010661,2007,39,43,9581.0,958,1,2007,3.0,0.0,498,1.0,0,4.0,1.0,1.0,,0.0,0.0,41.358468,-82.723817,2010-06-07 13:30:29,2010-09-24 11:01:37
226163723010661,2007,39,47,12131.0,1213,1,2007,4.0,0.0,775,1.0,0,4.0,1.0,1.0,,0.0,0.0,39.586292,-83.305128,2010-06-07 13:27:40,2010-09-24 11:01:37
226163735010661,2007,39,57,14351.0,1435,1,2007,3.0,0.0,766,1.0,0,4.0,1.0,1.0,,0.0,0.0,39.609909,-84.010468,2010-06-07 13:27:43,2010-09-24 11:01:37
226163995010661,2007,39,59,3181.0,318,1,2007,3.0,0.0,738,1.0,10,3.0,1.0,1.0,,0.0,0.0,40.111286,-81.622874,2010-06-07 13:28:59,2010-09-24 11:01:37
226163710010661,2007,39,73,1881.0,188,1,2007,5.0,0.0,1142,1.0,0,4.0,1.0,1.0,,0.0,0.0,39.468412,-82.604922,2010-06-07 13:27:37,2010-09-24 11:01:37
226164267010661,2007,39,77,13861.0,1386,1,2007,3.0,0.0,825,1.0,0,4.0,1.0,1.0,,0.0,0.0,41.046154,-82.746779,2010-06-07 13:30:28,2010-09-24 11:01:37
226163394010661,2007,39,79,3701.0,370,1,2007,4.0,0.0,630,2.0,0,4.0,1.0,1.0,,0.0,0.0,38.958645,-82.515822,2010-06-07 13:25:59,2010-09-24 11:01:37
226164259010661,2007,39,85,2351.0,235,1,2007,3.0,0.0,884,1.0,0,4.0,1.0,1.0,,0.0,0.0,41.687595,-81.261132,2010-06-07 13:30:26,2010-09-24 11:01:37
226164255010661,2007,39,103,5321.0,532,1,2007,3.0,0.0,1066,1.0,0,4.0,1.0,1.0,,0.0,0.0,41.191984,-81.811566,2010-06-07 13:30:25,2010-09-24 11:01:37
226164263010661,2007,39,103,6151.0,615,1,2007,3.0,0.0,836,1.0,0,4.0,1.0,1.0,,0.0,0.0,41.016574,-81.955158,2010-06-07 13:30:27,2010-09-24 11:01:37
226163381010661,2007,39,105,7461.0,746,1,2007,5.0,0.0,537,1.0,65,1.0,1.0,1.0,,0.0,0.0,39.118137,-81.838284,2010-06-07 13:25:55,2010-09-24 11:01:37
226163696010661,2007,39,111,4841.0,484,1,2007,4.0,0.0,984,2.0,0,4.0,1.0,1.0,,0.0,0.0,39.708849,-81.149776,2010-06-07 13:27:33,2010-09-24 11:01:37
226163704010661,2007,39,131,8671.0,867,1,2007,3.0,0.0,595,1.0,0,4.0,1.0,1.0,,0.0,0.0,39.11922,-83.063307,2010-06-07 13:27:35,2010-09-24 11:01:37
226163731010661,2007,39,135,2871.0,287,1,2007,3.0,0.0,858,1.0,0,4.0,1.0,1.0,,0.0,0.0,39.576402,-84.698738,2010-06-07 13:27:42,2010-09-24 11:01:37
234059453010661,2008,39,7,7431.0,743,1,2008,5.0,0.0,1045,1.0,0,4.0,1.0,1.0,,0.0,0.0,41.543792,-80.776385,2010-09-20 12:08:51,2010-09-24 11:01:34
234058760010661,2008,39,13,15641.0,1564,1,2008,3.0,0.0,1224,2.0,0,4.0,1.0,1.0,,0.0,0.0,40.018719,-81.045819,2010-09-20 12:05:33,2010-09-24 11:01:34
234058820010661,2008,39,15,6481.0,648,1,2008,3.0,0.0,928,1.0,0,4.0,1.0,1.0,,0.0,0.0,39.100364,-83.906418,2010-09-20 12:05:50,2010-09-24 11:01:34
234059180010661,2008,39,37,4851.0,485,1,2008,3.0,0.0049,1040,1.0,0,4.0,1.0,1.0,,0.0,4.9,40.199578,-84.501766,2010-09-20 12:07:32,2010-09-24 11:01:34
234059171010661,2008,39,41,8681.0,868,1,2008,3.0,0.0,971,1.0,0,4.0,1.0,1.0,,0.0,0.0,40.348801,-83.135991,2010-09-20 12:07:30,2010-09-24 11:01:34
234059478010661,2008,39,43,9581.0,958,1,2008,3.0,0.0034,599,1.0,0,4.0,1.0,1.0,,0.0,3.4,41.358468,-82.723817,2010-09-20 12:08:58,2010-09-24 11:01:34
234058815010661,2008,39,47,12131.0,1213,1,2008,3.0,0.0,884,1.0,0,4.0,1.0,1.0,,0.0,0.0,39.586292,-83.305128,2010-09-20 12:05:49,2010-09-24 11:01:34
234058832010661,2008,39,57,14351.0,1435,1,2008,5.0,0.0,960,1.0,0,4.0,1.0,1.0,,0.0,0.0,39.609909,-84.010468,2010-09-20 12:05:54,2010-09-24 11:01:34
234059154010661,2008,39,59,3181.0,318,1,2008,3.0,0.0,815,1.0,0,4.0,1.0,1.0,,0.0,0.0,40.111286,-81.622874,2010-09-20 12:07:25,2010-09-24 11:01:34
234058803010661,2008,39,73,1881.0,188,1,2008,3.0,0.0,1241,1.0,0,4.0,1.0,1.0,,0.0,0.0,39.468412,-82.604922,2010-09-20 12:05:45,2010-09-24 11:01:34
234059474010661,2008,39,77,13861.0,1386,1,2008,3.0,0.0,926,1.0,0,4.0,1.0,1.0,,0.0,0.0,41.046154,-82.746779,2010-09-20 12:08:57,2010-09-24 11:01:35
234058385010661,2008,39,79,3701.0,370,1,2008,5.0,0.0,721,1.0,100,3.0,1.0,1.0,,0.0,0.0,38.958645,-82.515822,2010-09-20 12:03:46,2010-09-24 11:01:35
234059465010661,2008,39,85,2351.0,235,1,2008,5.0,0.0,1011,1.0,0,4.0,1.0,1.0,,0.0,0.0,41.687595,-81.261132,2010-09-20 12:08:54,2010-09-24 11:01:35
234059459010661,2008,39,103,5321.0,532,1,2008,4.0,0.0,1207,1.0,0,4.0,1.0,1.0,,0.0,0.0,41.191984,-81.811566,2010-09-20 12:08:53,2010-09-24 11:01:35
234059470010661,2008,39,103,6151.0,615,1,2008,3.0,0.0,955,1.0,0,4.0,1.0,1.0,,0.0,0.0,41.016574,-81.955158,2010-09-20 12:08:56,2010-09-24 11:01:35
234061509010661,2009,39,105,7461.0,746,1,2009,7.0,0.0,886,1.0,110,1.0,1.0,1.0,,0.0,0.0,39.154109,-81.777631,2010-09-20 12:34:43,2010-10-06 08:23:36
234061533010661,2009,39,79,3701.0,370,1,2009,5.0,0.0,718,1.0,132,3.0,1.0,1.0,,0.0,0.0,38.958645,-82.515822,2010-09-20 12:34:50,2010-10-06 08:23:36
234061537010661,2009,39,1,3921.0,392,1,2009,3.0,0.0,956,1.0,0,4.0,1.0,1.0,,0.0,0.0,38.8244,-83.642943,2010-09-20 12:34:51,2010-10-06 08:23:36
234061891010661,2009,39,13,15641.0,1564,1,2009,4.0,0.0,1193,2.0,0,1.0,1.0,1.0,,0.0,0.0,40.018719,-81.045819,2010-09-20 12:36:33,2010-10-06 08:23:36
234061904010661,2009,39,167,10411.0,1041,1,2009,3.0,0.0,639,2.0,0,4.0,1.0,1.0,,0.0,0.0,39.331503,-81.671281,2010-09-20 12:36:37,2010-10-06 08:23:36
234061927010661,2009,39,163,5741.0,574,1,2009,5.0,0.0,953,1.0,0,1.0,1.0,1.0,,0.0,0.0,39.357768,-82.446452,2010-09-20 12:36:43,2010-10-06 08:23:36
234061932010661,2009,39,131,8671.0,867,1,2009,4.0,0.0,701,1.0,0,4.0,1.0,1.0,,0.0,0.0,39.11922,-83.063307,2010-09-20 12:36:45,2010-10-06 08:23:36
234061940010661,2009,39,73,1881.0,188,1,2009,3.0,0.0,711,1.0,0,4.0,1.0,1.0,,0.0,0.0,39.41132,-82.716888,2010-09-20 12:36:47,2010-10-06 08:23:36
234061944010661,2009,39,119,11801.0,1180,1,2009,3.0,6.222e-05,808,1.0,0,4.0,1.0,1.0,,0.0,0.06222222222222222,39.932034,-82.047912,2010-09-20 12:36:48,2010-10-06 08:23:36
234061953010661,2009,39,47,12131.0,1213,1,2009,3.0,0.0,877,1.0,0,4.0,1.0,1.0,,0.0,0.0,39.586292,-83.305128,2010-09-20 12:36:51,2010-10-06 08:23:36
234061957010661,2009,39,15,6481.0,648,1,2009,3.0,0.0,921,1.0,0,4.0,1.0,1.0,,0.0,0.0,39.100364,-83.906418,2010-09-20 12:36:52,2010-10-06 08:23:36
234061961010661,2009,39,135,2871.0,287,1,2009,3.0,0.0,974,1.0,0,4.0,1.0,1.0,,0.0,0.0,39.576402,-84.698738,2010-09-20 12:36:53,2010-10-06 08:23:36
234061967010661,2009,39,57,14351.0,1435,1,2009,5.0,0.0,882,1.0,0,4.0,1.0,1.0,,0.0,0.0,39.609909,-84.010468,2010-09-20 12:36:55,2010-10-06 08:23:36
234062273010661,2009,39,157,8191.0,819,1,2009,4.0,0.0,995,2.0,0,4.0,1.0,1.0,,0.0,0.0,40.463445,-81.431996,2010-09-20 12:38:24,2010-10-06 08:23:36
234062288010661,2009,39,151,4531.0,453,1,2009,3.0,0.0,1220,1.0,0,4.0,1.0,1.0,,0.0,0.0,40.885044,-81.228732,2010-09-20 12:38:28,2010-10-06 08:23:36
234062292010661,2009,39,89,1221.0,122,1,2009,3.0,0.0,1163,1.0,0,4.0,1.0,1.0,,0.0,0.0,40.135732,-82.284851,2010-09-20 12:38:29,2010-10-06 08:23:36
234062296010661,2009,39,41,8681.0,868,1,2009,2.0,0.0,952,2.0,0,4.0,1.0,2.0,,0.0,0.0,40.348801,-83.135991,2010-09-20 12:38:30,2010-10-06 08:23:36
234062300010661,2009,39,41,8682.0,868,2,2009,1.0,0.0,966,2.0,0,4.0,1.0,1.0,,0.0,0.0,40.39867,-83.079618,2010-09-20 12:38:31,2010-10-06 08:23:36
234062305010661,2009,39,169,4701.0,470,1,2009,3.0,0.0,1132,2.0,0,4.0,1.0,1.0,,0.0,0.0,40.679701,-82.038926,2010-09-20 12:38:32,2010-10-06 08:23:36
234062314010661,2009,39,41,8921.0,892,1,2009,4.0,0.0,921,1.0,0,4.0,1.0,1.0,,0.0,0.0,40.281567,-82.980306,2010-09-20 12:38:35,2010-10-06 08:23:36
234062318010661,2009,39,175,6571.0,657,1,2009,3.0,0.0,822,2.0,0,4.0,1.0,1.0,,0.0,0.0,40.880481,-83.404792,2010-09-20 12:38:36,2010-10-06 08:23:36
234062587010661,2009,39,155,1461.0,146,1,2009,3.0,0.0,954,1.0,0,4.0,1.0,1.0,,0.0,0.0,41.332312,-80.87382,2010-09-20 12:39:52,2010-10-06 08:23:36
226137863010661,2000,39,1,11491.0,1149,1,2000,3.0,0.0,775,3.0,0,5.0,1.0,1.0,,0.0,0.0,38.86438,-83.383589,2010-06-07 10:02:32,2010-09-24 11:02:07
226152351010661,2003,39,1,3921.0,392,1,2003,3.0,0.0,940,1.0,0,3.0,1.0,1.0,,0.0,0.0,38.8244,-83.642943,2010-06-07 12:30:02,2010-09-24 11:01:53
226153193010661,2003,39,7,7431.0,743,1,2003,4.0,0.0,1069,2.0,0,4.0,1.0,1.0,,0.0,0.0,41.543792,-80.776385,2010-06-07 12:34:50,2010-09-24 11:01:53
226152606010661,2003,39,13,15641.0,1564,1,2003,5.0,0.0,1224,1.0,230,3.0,1.0,1.0,,0.0,0.0,40.018719,-81.045819,2010-06-07 12:31:30,2010-09-24 11:01:53
226152641010661,2003,39,119,11801.0,1180,1,2003,3.0,0.0,793,1.0,0,1.0,1.0,1.0,,0.0,0.0,39.932034,-82.047912,2010-06-07 12:31:41,2010-09-24 11:01:53
226152632010661,2003,39,131,8671.0,867,1,2003,4.0,0.0,679,1.0,240,3.0,1.0,1.0,,0.0,0.0,39.11922,-83.063307,2010-06-07 12:31:38,2010-09-24 11:01:53
226152660010661,2003,39,135,2871.0,287,1,2003,3.0,0.0,957,1.0,0,1.0,1.0,1.0,,0.0,0.0,39.576402,-84.698738,2010-06-07 12:31:47,2010-09-24 11:01:53
226152355010661,2003,39,145,4511.0,451,1,2003,3.0,0.0,550,2.0,0,4.0,1.0,1.0,,0.0,0.0,38.809355,-82.932933,2010-06-07 12:30:03,2010-09-24 11:01:53
226152937010661,2003,39,151,4531.0,453,1,2003,4.0,0.00120333,1195,1.0,0,4.0,1.0,1.0,,0.0,1.2033333333333334,40.885044,-81.228732,2010-06-07 12:33:27,2010-09-24 11:01:53
226152923010661,2003,39,157,8191.0,819,1,2003,4.0,0.0,857,1.0,180,3.0,1.0,1.0,,0.0,0.0,40.463445,-81.431996,2010-06-07 12:33:22,2010-09-24 11:01:53
226152627010661,2003,39,163,5741.0,574,1,2003,4.0,0.0,717,1.0,45,3.0,1.0,1.0,,0.0,0.0,39.324782,-82.54242,2010-06-07 12:31:36,2010-09-24 11:01:53
226152614010661,2003,39,167,10411.0,1041,1,2003,3.0,0.0,627,2.0,0,5.0,1.0,1.0,,0.0,0.0,39.47467,-81.289357,2010-06-07 12:31:32,2010-09-24 11:01:53
226152952010661,2003,39,169,4701.0,470,1,2003,4.0,0.0,1052,1.0,90,1.0,1.0,1.0,,0.0,0.0,40.679701,-82.038926,2010-06-07 12:33:32,2010-09-24 11:01:53
226152966010661,2003,39,175,6571.0,657,1,2003,3.0,0.0,811,1.0,0,4.0,1.0,1.0,,0.0,0.0,40.880481,-83.404792,2010-06-07 12:33:36,2010-09-24 11:01:53
226074608010661,1997,39,1,11491.0,1149,1,1997,2.0,0.0,775,2.0,20,3.0,1.0,1.0,,0.0,0.0,38.86438,-83.383589,2010-06-07 08:48:43,2010-09-24 11:02:05
226074559010661,1997,39,5,9191.0,919,1,1997,3.0,0.00966053,1350,2.0,90,1.0,1.0,1.0,,0.0,9.660526315789474,40.655874,-82.277678,2010-06-07 08:48:29,2010-09-24 11:02:05
226074555010661,1997,39,29,9611.0,961,1,1997,3.0,0.0,1280,2.0,0,2.0,1.0,1.0,,0.0,0.0,40.660943,-80.854344,2010-06-07 08:48:28,2010-09-24 11:02:05
226074563010661,1997,39,67,10341.0,1034,1,1997,3.0,0.0,1260,2.0,90,1.0,1.0,1.0,,0.0,0.0,40.300738,-81.114495,2010-06-07 08:48:31,2010-09-24 11:02:05
226074551010661,1997,39,69,3461.0,346,1,1997,3.0,0.00275172,670,2.0,0,5.0,1.0,1.0,,0.0,2.7517241379310344,41.475066,-83.898786,2010-06-07 08:48:27,2010-09-24 11:02:05
226074578010661,1997,39,73,2051.0,205,1,1997,3.0,0.03538814,1100,2.0,120,1.0,1.0,1.0,,0.0,35.38814009661836,39.471242,-82.572194,2010-06-07 08:48:35,2010-09-24 11:02:05
226074593010661,1997,39,79,1841.0,184,1,1997,3.0,0.0157825,800,2.0,2,5.0,1.0,1.0,,0.0,15.7825,39.17169,-82.631752,2010-06-07 08:48:39,2010-09-24 11:02:05
226074567010661,1997,39,81,8041.0,804,1,1997,3.0,0.01557429,1180,3.0,10,1.0,1.0,1.0,,0.0,15.574285714285715,40.32109,-80.813476,2010-06-07 08:48:32,2010-09-24 11:02:05
226152656010661,2003,39,15,6481.0,648,1,2003,4.0,0.0,910,2.0,0,3.0,1.0,1.0,,0.0,0.0,39.100364,-83.906418,2010-06-07 12:31:45,2010-09-24 11:01:53
226152956010661,2003,39,37,4851.0,485,1,2003,3.0,0.0,1017,1.0,0,4.0,1.0,1.0,,0.0,0.0,40.199578,-84.501766,2010-06-07 12:33:33,2010-09-24 11:01:53
226152947010661,2003,39,41,8681.0,868,1,2003,4.0,0.00020645,939,1.0,0,4.0,1.0,1.0,,0.0,0.2064516129032258,40.348801,-83.135991,2010-06-07 12:33:30,2010-09-24 11:01:53
226152962010661,2003,39,41,8921.0,892,1,2003,5.0,0.0,950,1.0,0,4.0,1.0,1.0,,0.0,0.0,40.286902,-82.928937,2010-06-07 12:33:35,2010-09-24 11:01:53
226137784010661,2000,39,5,9191.0,919,1,2000,4.0,0.0,1350,1.0,0,1.0,1.0,1.0,,0.0,0.0,40.655874,-82.277678,2010-06-07 10:02:15,2010-09-24 11:02:07
226137791010661,2000,39,67,10341.0,1034,1,2000,3.0,0.01568056,1260,1.0,122,1.0,2.0,1.0,,0.0,15.680555555555555,40.300738,-81.114495,2010-06-07 10:02:16,2010-09-24 11:02:07
226137770010661,2000,39,69,3461.0,346,1,2000,3.0,0.0,465,2.0,0,5.0,1.0,1.0,,0.0,0.0,41.475066,-83.898786,2010-06-07 10:02:12,2010-09-24 11:02:07
226137817010661,2000,39,73,2051.0,205,1,2000,4.0,0.0,1120,2.0,120,1.0,1.0,1.0,,0.0,0.0,39.471242,-82.572194,2010-06-07 10:02:22,2010-09-24 11:02:08
226137841010661,2000,39,79,1841.0,184,1,2000,3.0,0.0,710,2.0,0,5.0,1.0,1.0,,0.0,0.0,39.17169,-82.631752,2010-06-07 10:02:27,2010-09-24 11:02:08
226137871010661,2000,39,87,301.0,30,1,2000,5.0,0.0,970,3.0,0,1.0,1.0,1.0,,0.0,0.0,38.660739,-82.570485,2010-06-07 10:02:34,2010-09-24 11:02:08
226137836010661,2000,39,105,2421.0,242,1,2000,3.0,0.1548,810,1.0,180,1.0,1.0,1.0,,0.0,154.8,39.159237,-81.84523,2010-06-07 10:02:26,2010-09-24 11:02:08
226137805010661,2000,39,119,5291.0,529,1,2000,3.0,0.0,740,1.0,0,5.0,1.0,1.0,,0.0,0.0,39.871971,-81.789791,2010-06-07 10:02:19,2010-09-24 11:02:08
226137811010661,2000,39,127,10451.0,1045,1,2000,4.0,0.00226181,1060,2.0,360,5.0,2.0,3.0,,0.0,2.2618055555555556,39.797328,-82.292512,2010-06-07 10:02:20,2010-09-24 11:02:08
226137858010661,2000,39,131,4601.0,460,1,2000,4.0,0.0,1215,2.0,0,1.0,1.0,1.0,,0.0,0.0,39.175657,-83.265439,2010-06-07 10:02:31,2010-09-24 11:02:08
226137852010661,2000,39,141,3841.0,384,1,2000,4.0,0.0,660,2.0,0,5.0,1.0,1.0,,0.0,0.0,39.322001,-82.962125,2010-06-07 10:02:30,2010-09-24 11:02:08
226137876010661,2000,39,145,1531.0,153,1,2000,3.0,0.00780952,770,2.0,0,5.0,1.0,1.0,,0.0,7.809523809523809,38.66305,-83.144208,2010-06-07 10:02:35,2010-09-24 11:02:08
226137880010661,2000,39,145,451.0,45,1,2000,3.0,0.0,1200,3.0,0,1.0,1.0,1.0,,0.0,0.0,38.648741,-83.160266,2010-06-07 10:02:36,2010-09-24 11:02:08
226137826010661,2000,39,163,1921.0,192,1,2000,5.0,0.0,770,2.0,90,3.0,1.0,1.0,,0.0,0.0,39.249979,-82.397302,2010-06-07 10:02:23,2010-09-24 11:02:08
226153215010661,2003,39,43,9581.0,958,1,2003,3.0,0.0042,627,1.0,0,4.0,1.0,1.0,,0.0,4.2,41.358468,-82.723817,2010-06-07 12:34:57,2010-09-24 11:01:53
226152651010661,2003,39,47,12131.0,1213,1,2003,4.0,0.005075,835,1.0,75,1.0,1.0,1.0,,1.0,5.075,39.586292,-83.305128,2010-06-07 12:31:44,2010-09-24 11:01:53
226152665010661,2003,39,57,14351.0,1435,1,2003,4.0,0.0,865,2.0,0,1.0,1.0,1.0,,0.0,0.0,39.609909,-84.010468,2010-06-07 12:31:49,2010-09-24 11:01:53
226152928010661,2003,39,59,3181.0,318,1,2003,4.0,0.0,793,2.0,20,3.0,1.0,1.0,,0.0,0.0,40.111286,-81.622874,2010-06-07 12:33:24,2010-09-24 11:01:53
226152646010661,2003,39,71,8741.0,874,1,2003,4.0,0.0,1112,1.0,0,4.0,1.0,1.0,,0.0,0.0,39.323019,-83.602994,2010-06-07 12:31:42,2010-09-24 11:01:53
226152637010661,2003,39,73,1881.0,188,1,2003,4.0,0.0,1015,2.0,0,1.0,1.0,1.0,,0.0,0.0,39.468412,-82.604922,2010-06-07 12:31:40,2010-09-24 11:01:53
226153211010661,2003,39,77,13861.0,1386,1,2003,3.0,0.0,923,1.0,0,4.0,1.0,1.0,,0.0,0.0,41.046154,-82.746779,2010-06-07 12:34:55,2010-09-24 11:01:53
226152347010661,2003,39,79,3701.0,370,1,2003,3.0,0.00063694,668,1.0,0,5.0,1.0,1.0,,0.0,0.6369444444444444,38.958645,-82.515822,2010-06-07 12:30:01,2010-09-24 11:01:53
226152942010661,2003,39,89,1221.0,122,1,2003,4.0,0.0,1119,1.0,225,3.0,1.0,1.0,,0.0,0.0,40.151518,-82.383651,2010-06-07 12:33:29,2010-09-24 11:01:53
226153188010661,2003,39,99,1461.0,146,1,2003,3.0,0.0,1051,1.0,0,4.0,1.0,1.0,,0.0,0.0,41.123607,-80.862233,2010-06-07 12:34:48,2010-09-24 11:01:53
226153198010661,2003,39,103,5321.0,532,1,2003,4.0,0.00381417,1155,1.0,0,4.0,1.0,1.0,,0.0,3.8141666666666665,41.191984,-81.811566,2010-06-07 12:34:51,2010-09-24 11:01:53
226153207010661,2003,39,103,6151.0,615,1,2003,3.0,0.0,945,1.0,0,4.0,1.0,1.0,,0.0,0.0,41.016574,-81.955158,2010-06-07 12:34:54,2010-09-24 11:01:53
226152622010661,2003,39,111,4841.0,484,1,2003,3.0,0.0,994,2.0,120,3.0,1.0,1.0,,0.0,0.0,39.708849,-81.149776,2010-06-07 12:31:34,2010-09-24 11:01:53
226074612010661,1997,39,87,301.0,30,1,1997,3.0,0.04116917,970,2.0,180,1.0,1.0,1.0,,0.0,41.16916666666667,38.660739,-82.570485,2010-06-07 08:48:44,2010-09-24 11:02:05
226074589010661,1997,39,105,2421.0,242,1,1997,2.0,0.0,800,1.0,180,1.0,1.0,1.0,,0.0,0.0,39.159237,-81.84523,2010-06-07 08:48:38,2010-09-24 11:02:05
226074570010661,1997,39,119,5291.0,529,1,1997,2.0,0.0,720,1.0,0,5.0,1.0,1.0,,0.0,0.0,39.871971,-81.789791,2010-06-07 08:48:32,2010-09-24 11:02:05
226074574010661,1997,39,127,10451.0,1045,1,1997,3.0,0.01032982,1020,2.0,0,5.0,2.0,3.0,,1.0,10.329824561403509,39.797328,-82.292512,2010-06-07 08:48:33,2010-09-24 11:02:05
226074605010661,1997,39,131,4601.0,460,1,1997,3.0,0.00249375,1400,2.0,0,1.0,1.0,3.0,,0.0,2.49375,39.175657,-83.265439,2010-06-07 08:48:42,2010-09-24 11:02:05
226074597010661,1997,39,141,14121.0,1412,1,1997,3.0,0.0,900,2.0,20,1.0,1.0,1.0,,0.0,0.0,39.357005,-82.862012,2010-06-07 08:48:40,2010-09-24 11:02:05
226074601010661,1997,39,141,3841.0,384,1,1997,3.0,0.02536444,660,1.0,180,3.0,1.0,1.0,,0.0,25.364444444444445,39.322001,-82.962125,2010-06-07 08:48:41,2010-09-24 11:02:05
226074616010661,1997,39,145,1531.0,153,1,1997,3.0,0.0,760,2.0,30,5.0,1.0,1.0,,2.0,0.0,38.66305,-83.144208,2010-06-07 08:48:45,2010-09-24 11:02:05
226074620010661,1997,39,145,451.0,45,1,1997,3.0,0.0,1180,2.0,180,1.0,1.0,3.0,,0.0,0.0,38.648741,-83.160266,2010-06-07 08:48:45,2010-09-24 11:02:05
226074582010661,1997,39,163,1921.0,192,1,1997,3.0,0.0,800,2.0,0,5.0,1.0,1.0,,0.0,0.0,39.249979,-82.397302,2010-06-07 08:48:36,2010-09-24 11:02:05
226074586010661,1997,39,163,1141.0,114,1,1997,3.0,0.01727957,1000,2.0,30,1.0,1.0,3.0,,2.0,17.27956989247312,39.193269,-82.379913,2010-06-07 08:48:36,2010-09-24 11:02:05
226153203010661,2003,39,85,2351.0,235,1,2003,4.0,0.0,972,1.0,0,4.0,1.0,1.0,,0.0,0.0,41.687595,-81.261132,2010-06-07 12:34:53,2010-09-24 11:01:53
226152334010661,2003,39,105,7461.0,746,1,2003,4.0,0.00171,650,1.0,70,1.0,1.0,1.0,,0.0,1.71,39.118137,-81.838284,2010-06-07 12:29:57,2010-09-24 11:01:53
226152932010661,2003,39,151,10621.0,1062,1,2003,3.0,0.00987556,1121,1.0,120,3.0,1.0,1.0,,0.0,9.875555555555556,40.75803,-81.340198,2010-06-07 12:33:25,2010-09-24 11:01:53
226153225010661,2003,39,173,9181.0,918,1,2003,3.0,0.00160444,676,2.0,0,4.0,1.0,1.0,,0.0,1.6044444444444443,41.325164,-83.838499,2010-06-07 12:35:00,2010-09-24 11:01:53
226155175010661,2004,39,1,3921.0,392,1,2004,4.0,0.00101333,95,1.0,0,4.0,1.0,1.0,,0.0,1.0133333333333334,38.8244,-83.642943,2010-06-07 12:46:49,2010-09-24 11:01:58
226155983010661,2004,39,7,7431.0,743,1,2004,3.0,0.0,1042,1.0,0,4.0,1.0,2.0,,0.0,0.0,41.543792,-80.776385,2010-06-07 12:50:36,2010-09-24 11:01:58
226155444010661,2004,39,13,15641.0,1564,1,2004,4.0,0.0,1237,1.0,230,3.0,1.0,1.0,,0.0,0.0,40.018719,-81.045819,2010-06-07 12:48:08,2010-09-24 11:01:58
226155493010661,2004,39,15,6481.0,648,1,2004,4.0,0.00200521,924,1.0,0,4.0,1.0,1.0,,0.0,2.0052083333333335,39.100364,-83.906418,2010-06-07 12:48:23,2010-09-24 11:01:58
226155775010661,2004,39,37,4851.0,485,1,2004,3.0,0.00096,1013,1.0,0,4.0,1.0,1.0,,0.0,0.96,40.199578,-84.501766,2010-06-07 12:49:42,2010-09-24 11:01:58
226155767010661,2004,39,41,8681.0,868,1,2004,4.0,0.0,936,1.0,0,4.0,1.0,1.0,,0.0,0.0,40.348801,-83.135991,2010-06-07 12:49:39,2010-09-24 11:01:58
226155777010661,2004,39,41,8921.0,892,1,2004,1.0,0.0,950,1.0,0,4.0,1.0,1.0,,0.0,0.0,40.286902,-82.928937,2010-06-07 12:49:42,2010-09-24 11:01:58
226156006010661,2004,39,43,9581.0,958,1,2004,4.0,0.0,610,1.0,0,4.0,1.0,1.0,,0.0,0.0,41.358468,-82.723817,2010-06-07 12:50:43,2010-09-24 11:01:58
226155488010661,2004,39,47,12131.0,1213,1,2004,3.0,0.00028444,834,1.0,0,4.0,1.0,1.0,,0.0,0.28444444444444444,39.586292,-83.305128,2010-06-07 12:48:21,2010-09-24 11:01:58
226155503010661,2004,39,57,14351.0,1435,1,2004,4.0,0.0,865,1.0,0,4.0,1.0,1.0,,0.0,0.0,39.609909,-84.010468,2010-06-07 12:48:25,2010-09-24 11:01:58
226155748010661,2004,39,59,3181.0,318,1,2004,5.0,0.0,784,2.0,10,3.0,1.0,1.0,,0.0,0.0,40.111286,-81.622874,2010-06-07 12:49:34,2010-09-24 11:01:59
226155484010661,2004,39,71,8741.0,874,1,2004,4.0,0.00219423,1121,1.0,0,4.0,1.0,1.0,,0.0,2.1942307692307694,39.323019,-83.602994,2010-06-07 12:48:21,2010-09-24 11:01:59
226155474010661,2004,39,73,1881.0,188,1,2004,3.0,0.0,1113,2.0,0,1.0,1.0,1.0,,0.0,0.0,39.468412,-82.604922,2010-06-07 12:48:18,2010-09-24 11:01:59
226156001010661,2004,39,77,13861.0,1386,1,2004,4.0,0.0,942,1.0,0,4.0,1.0,1.0,,0.0,0.0,41.046154,-82.746779,2010-06-07 12:50:42,2010-09-24 11:01:59
226155170010661,2004,39,79,3701.0,370,1,2004,3.0,0.00109167,668,1.0,0,4.0,1.0,1.0,,0.0,1.0916666666666666,38.958645,-82.515822,2010-06-07 12:46:47,2010-09-24 11:01:59
226137777010661,2000,39,29,9611.0,961,1,2000,4.0,0.0,1280,2.0,0,1.0,1.0,1.0,,0.0,0.0,40.660943,-80.854344,2010-06-07 10:02:14,2010-09-24 11:02:07
226137799010661,2000,39,81,8041.0,804,1,2000,3.0,0.01725789,1180,1.0,0,1.0,1.0,1.0,,0.0,17.257894736842104,40.32109,-80.813476,2010-06-07 10:02:17,2010-09-24 11:02:08
226137845010661,2000,39,141,10141.0,1014,1,2000,3.0,0.0,1125,2.0,0,1.0,1.0,1.0,,0.0,0.0,39.446809,-82.867841,2010-06-07 10:02:28,2010-09-24 11:02:08
226137831010661,2000,39,163,1141.0,114,1,2000,3.0,0.0,990,2.0,0,1.0,1.0,1.0,,0.0,0.0,39.193269,-82.379913,2010-06-07 10:02:25,2010-09-24 11:02:08
226155992010661,2004,39,85,2351.0,235,1,2004,3.0,0.00439111,972,1.0,0,4.0,1.0,1.0,,0.0,4.391111111111111,41.687595,-81.261132,2010-06-07 12:50:39,2010-09-24 11:01:59
226155762010661,2004,39,89,1221.0,122,1,2004,5.0,0.00491467,1130,1.0,240,3.0,1.0,1.0,,0.0,4.914666666666666,40.151518,-82.383651,2010-06-07 12:49:38,2010-09-24 11:01:59
226155988010661,2004,39,103,5321.0,532,1,2004,4.0,0.0,1170,1.0,0,4.0,1.0,1.0,,0.0,0.0,41.191984,-81.811566,2010-06-07 12:50:38,2010-09-24 11:01:59
226155996010661,2004,39,103,6151.0,615,1,2004,3.0,0.0,945,1.0,0,4.0,1.0,1.0,,0.0,0.0,41.016574,-81.955158,2010-06-07 12:50:40,2010-09-24 11:01:59
226155157010661,2004,39,105,7461.0,746,1,2004,5.0,0.008214,650,1.0,75,3.0,1.0,1.0,,0.0,8.214,39.118137,-81.838284,2010-06-07 12:46:43,2010-09-24 11:01:59
226155461010661,2004,39,111,4841.0,484,1,2004,3.0,0.0,994,2.0,140,3.0,1.0,1.0,,0.0,0.0,39.708849,-81.149776,2010-06-07 12:48:14,2010-09-24 11:01:59
226155479010661,2004,39,119,11801.0,1180,1,2004,4.0,0.01281538,790,1.0,310,1.0,1.0,1.0,,0.0,12.815384615384616,39.932034,-82.047912,2010-06-07 12:48:19,2010-09-24 11:01:59
226155470010661,2004,39,131,8671.0,867,1,2004,4.0,0.00582143,679,1.0,0,4.0,1.0,1.0,,0.0,5.821428571428571,39.11922,-83.063307,2010-06-07 12:48:16,2010-09-24 11:01:59
226155498010661,2004,39,135,2871.0,287,1,2004,4.0,0.0,951,1.0,0,4.0,1.0,1.0,,0.0,0.0,39.576402,-84.698738,2010-06-07 12:48:24,2010-09-24 11:01:59
226155181010661,2004,39,145,4511.0,451,1,2004,5.0,0.0,537,1.0,0,4.0,1.0,1.0,,0.0,0.0,38.809355,-82.932933,2010-06-07 12:46:51,2010-09-24 11:01:59
226155752010661,2004,39,151,10621.0,1062,1,2004,3.0,0.0,1121,1.0,120,3.0,1.0,1.0,,0.0,0.0,40.75803,-81.340198,2010-06-07 12:49:35,2010-09-24 11:01:59
226155756010661,2004,39,151,4531.0,453,1,2004,3.0,0.0,1216,1.0,0,4.0,1.0,1.0,,0.0,0.0,40.885044,-81.228732,2010-06-07 12:49:36,2010-09-24 11:01:59
226155979010661,2004,39,155,1461.0,146,1,2004,3.0,0.0,932,1.0,0,4.0,1.0,1.0,,0.0,0.0,41.332312,-80.87382,2010-06-07 12:50:35,2010-09-24 11:01:59
226155742010661,2004,39,157,8191.0,819,1,2004,3.0,0.0,864,1.0,240,2.0,1.0,1.0,,0.0,0.0,40.463445,-81.431996,2010-06-07 12:49:32,2010-09-24 11:01:59
226155465010661,2004,39,163,5741.0,574,1,2004,3.0,0.0,872,1.0,0,4.0,1.0,1.0,,0.0,0.0,39.357768,-82.446452,2010-06-07 12:48:15,2010-09-24 11:01:59
226155453010661,2004,39,167,10411.0,1041,1,2004,4.0,0.003255,590,1.0,0,4.0,1.0,1.0,,0.0,3.255,39.549829,-81.568721,2010-06-07 12:48:11,2010-09-24 11:01:59
226155771010661,2004,39,169,4701.0,470,1,2004,3.0,0.0,1049,1.0,45,1.0,1.0,1.0,,0.0,0.0,40.679701,-82.038926,2010-06-07 12:49:41,2010-09-24 11:01:59
226156018010661,2004,39,173,9181.0,918,1,2004,3.0,0.0,629,2.0,0,4.0,1.0,1.0,,0.0,0.0,41.325164,-83.838499,2010-06-07 12:50:47,2010-09-24 11:01:59
226155781010661,2004,39,175,6571.0,657,1,2004,3.0,0.0,811,1.0,0,4.0,1.0,1.0,,0.0,0.0,40.880481,-83.404792,2010-06-07 12:49:43,2010-09-24 11:01:59
226077814010661,1999,39,145,1531.0,153,1,1999,3.0,0.0,710,2.0,0,5.0,1.0,1.0,,0.0,0.0,38.66305,-83.144208,2010-06-07 09:41:50,2010-09-24 11:01:16
226077818010661,1999,39,145,451.0,45,1,1999,3.0,0.0,1200,2.0,0,1.0,1.0,1.0,,0.0,0.0,38.648741,-83.160266,2010-06-07 09:41:51,2010-09-24 11:01:16
226077780010661,1999,39,163,1921.0,192,1,1999,3.0,0.00438155,800,2.0,0,5.0,1.0,2.0,,0.0,4.381547619047619,39.249979,-82.397302,2010-06-07 09:41:40,2010-09-24 11:01:16
226077785010661,1999,39,163,1141.0,114,1,1999,4.0,0.00589219,1000,2.0,200,1.0,1.0,1.0,,0.0,5.8921875,39.193269,-82.379913,2010-06-07 09:41:41,2010-09-24 11:01:16
226077757010661,1999,39,5,9191.0,919,1,1999,3.0,0.0,1370,2.0,0,1.0,1.0,1.0,,0.0,0.0,40.655874,-82.277678,2010-06-07 09:41:33,2010-09-24 11:01:16
226077760010661,1999,39,67,10341.0,1034,1,1999,2.0,0.0,1260,1.0,122,1.0,2.0,1.0,,0.0,0.0,40.300738,-81.114495,2010-06-07 09:41:34,2010-09-24 11:01:16
226077753010661,1999,39,69,3461.0,346,1,1999,3.0,0.0,670,2.0,0,5.0,1.0,2.0,,0.0,0.0,41.475066,-83.898786,2010-06-07 09:41:32,2010-09-24 11:01:16
226077776010661,1999,39,73,2051.0,205,1,1999,4.0,0.0,1100,2.0,140,1.0,1.0,2.0,,0.0,0.0,39.471242,-82.572194,2010-06-07 09:41:39,2010-09-24 11:01:16
226077763010661,1999,39,81,8041.0,804,1,1999,2.0,0.0,1180,1.0,0,5.0,2.0,1.0,,0.0,0.0,40.32109,-80.813476,2010-06-07 09:41:35,2010-09-24 11:01:16
226077810010661,1999,39,87,301.0,30,1,1999,1.0,0.0,970,2.0,0,1.0,1.0,1.0,,0.0,0.0,38.660739,-82.570485,2010-06-07 09:41:49,2010-09-24 11:01:16
226077789010661,1999,39,105,2421.0,242,1,1999,3.0,0.02574245,800,2.0,160,1.0,1.0,1.0,,0.0,25.742445054945055,39.159237,-81.84523,2010-06-07 09:41:43,2010-09-24 11:01:16
226158589010661,2005,39,151,10621.0,1062,1,2005,3.0,0.0,1139,1.0,0,4.0,1.0,1.0,,0.0,0.0,40.75803,-81.340198,2010-06-07 13:01:47,2010-09-24 11:01:22
226158593010661,2005,39,151,4531.0,453,1,2005,3.0,0.0,1216,1.0,0,4.0,1.0,1.0,,0.0,0.0,40.885044,-81.228732,2010-06-07 13:01:48,2010-09-24 11:01:22
226158848010661,2005,39,155,1461.0,146,1,2005,3.0,0.00160444,932,1.0,0,4.0,1.0,1.0,,0.0,1.6044444444444443,41.332312,-80.87382,2010-06-07 13:02:58,2010-09-24 11:01:22
226158581010661,2005,39,157,8191.0,819,1,2005,3.0,0.0,864,1.0,0,4.0,1.0,1.0,,0.0,0.0,40.463445,-81.431996,2010-06-07 13:01:45,2010-09-24 11:01:22
226158284010661,2005,39,163,5741.0,574,1,2005,3.0,0.00028444,863,1.0,192,1.0,1.0,1.0,,0.0,0.28444444444444444,39.357768,-82.446452,2010-06-07 13:00:23,2010-09-24 11:01:22
226158272010661,2005,39,167,10411.0,1041,1,2005,3.0,0.00182222,590,1.0,0,4.0,1.0,1.0,,0.0,1.8222222222222222,39.549829,-81.568721,2010-06-07 13:00:20,2010-09-24 11:01:22
226158605010661,2005,39,169,4701.0,470,1,2005,3.0,0.0,1049,1.0,50,3.0,1.0,1.0,,0.0,0.0,40.679701,-82.038926,2010-06-07 13:01:51,2010-09-24 11:01:22
226158880010661,2005,39,173,9181.0,918,1,2005,3.0,0.0,629,2.0,0,4.0,1.0,1.0,,0.0,0.0,41.325164,-83.838499,2010-06-07 13:03:06,2010-09-24 11:01:22
226158617010661,2005,39,175,6571.0,657,1,2005,3.0,0.0,811,1.0,0,4.0,1.0,1.0,,0.0,0.0,40.880481,-83.404792,2010-06-07 13:01:53,2010-09-24 11:01:22
226075822010661,1998,39,1,11491.0,1149,1,1998,3.0,0.0,775,2.0,270,3.0,1.0,1.0,,0.0,0.0,38.86438,-83.383589,2010-06-07 09:27:16,2010-09-24 11:01:32
226075775010661,1998,39,5,9191.0,919,1,1998,2.0,0.0,1300,2.0,0,1.0,1.0,1.0,,0.0,0.0,40.655874,-82.277678,2010-06-07 09:27:02,2010-09-24 11:01:32
226075772010661,1998,39,29,9611.0,961,1,1998,3.0,0.00161839,1280,2.0,0,1.0,1.0,1.0,,0.0,1.6183908045977011,40.660943,-80.854344,2010-06-07 09:27:01,2010-09-24 11:01:32
226075779010661,1998,39,67,10341.0,1034,1,1998,3.0,0.05626778,1260,1.0,122,1.0,2.0,1.0,,0.0,56.26777777777778,40.300738,-81.114495,2010-06-07 09:27:03,2010-09-24 11:01:32
226075768010661,1998,39,69,3461.0,346,1,1998,3.0,0.00943056,670,2.0,0,5.0,1.0,1.0,,0.0,9.430555555555555,41.475066,-83.898786,2010-06-07 09:27:00,2010-09-24 11:01:32
226075792010661,1998,39,73,2051.0,205,1,1998,2.0,0.05312122,1100,2.0,140,5.0,1.0,2.0,,0.0,53.121222527472526,39.471242,-82.572194,2010-06-07 09:27:07,2010-09-24 11:01:32
226075806010661,1998,39,79,1841.0,184,1,1998,2.0,0.04598661,800,2.0,160,1.0,1.0,1.0,,0.0,45.986607142857146,39.17169,-82.631752,2010-06-07 09:27:11,2010-09-24 11:01:32
226075783010661,1998,39,81,8041.0,804,1,1998,3.0,0.00235298,1180,1.0,0,5.0,2.0,1.0,,0.0,2.3529761904761903,40.32109,-80.813476,2010-06-07 09:27:04,2010-09-24 11:01:32
226075826010661,1998,39,87,301.0,30,1,1998,3.0,0.0,970,2.0,0,1.0,1.0,1.0,,0.0,0.0,38.660739,-82.570485,2010-06-07 09:27:17,2010-09-24 11:01:32
226075803010661,1998,39,105,2421.0,242,1,1998,3.0,0.01177451,700,2.0,0,5.0,1.0,1.0,,0.0,11.77450980392157,39.159237,-81.84523,2010-06-07 09:27:10,2010-09-24 11:01:32
226075787010661,1998,39,119,5291.0,529,1,1998,3.0,0.0,720,2.0,0,5.0,1.0,1.0,,0.0,0.0,39.871971,-81.789791,2010-06-07 09:27:05,2010-09-24 11:01:32
226075789010661,1998,39,127,10451.0,1045,1,1998,1.0,0.06254545,1020,2.0,0,5.0,1.0,1.0,,0.0,62.54545454545455,39.797328,-82.292512,2010-06-07 09:27:06,2010-09-24 11:01:32
226075818010661,1998,39,131,4601.0,460,1,1998,3.0,0.0,1400,2.0,90,1.0,1.0,1.0,,0.0,0.0,39.175657,-83.265439,2010-06-07 09:27:15,2010-09-24 11:01:32
226075810010661,1998,39,141,14121.0,1412,1,1998,3.0,0.00371556,900,2.0,360,3.0,1.0,1.0,,0.0,3.7155555555555555,39.357005,-82.862012,2010-06-07 09:27:12,2010-09-24 11:01:32
226075814010661,1998,39,141,3841.0,384,1,1998,3.0,0.0,660,3.0,0,5.0,1.0,1.0,,0.0,0.0,39.322001,-82.962125,2010-06-07 09:27:13,2010-09-24 11:01:32
226075830010661,1998,39,145,1531.0,153,1,1998,3.0,0.0,760,2.0,0,5.0,1.0,3.0,,1.0,0.0,38.66305,-83.144208,2010-06-07 09:27:18,2010-09-24 11:01:32
226075834010661,1998,39,145,451.0,45,1,1998,3.0,0.00902667,1180,2.0,0,1.0,1.0,1.0,,0.0,9.026666666666667,38.648741,-83.160266,2010-06-07 09:27:19,2010-09-24 11:01:32
226075795010661,1998,39,163,1921.0,192,1,1998,2.0,0.05352667,800,2.0,0,5.0,1.0,2.0,,0.0,53.526666666666664,39.249979,-82.397302,2010-06-07 09:27:08,2010-09-24 11:01:32
226075799010661,1998,39,163,1141.0,114,1,1998,3.0,0.04121905,1000,2.0,200,1.0,1.0,1.0,,0.0,41.21904761904762,39.193269,-82.379913,2010-06-07 09:27:09,2010-09-24 11:01:32
226077767010661,1999,39,119,5291.0,529,1,1999,3.0,0.0,720,2.0,0,5.0,1.0,1.0,,0.0,0.0,39.871971,-81.789791,2010-06-07 09:41:36,2010-09-24 11:01:16
226077771010661,1999,39,127,10451.0,1045,1,1999,3.0,0.0,1020,2.0,0,5.0,1.0,1.0,,0.0,0.0,39.797328,-82.292512,2010-06-07 09:41:37,2010-09-24 11:01:16
226077796010661,1999,39,141,14121.0,1412,1,1999,3.0,0.0,900,2.0,360,3.0,1.0,1.0,,0.0,0.0,39.357005,-82.862012,2010-06-07 09:41:45,2010-09-24 11:01:16
226077800010661,1999,39,141,3841.0,384,1,1999,3.0,0.0,660,3.0,0,5.0,1.0,1.0,,0.0,0.0,39.322001,-82.962125,2010-06-07 09:41:46,2010-09-24 11:01:16
226147331010661,2001,39,1,3921.0,392,1,2001,3.0,0.0,964,2.0,0,4.0,1.0,1.0,,0.0,0.0,38.8244,-83.642943,2010-06-07 10:32:15,2010-09-24 11:01:27
226148147010661,2001,39,7,7431.0,743,1,2001,4.0,0.0,1059,2.0,0,4.0,1.0,2.0,,0.0,0.0,41.543792,-80.776385,2010-06-07 10:35:57,2010-09-24 11:01:27
226147849010661,2001,39,13,8321.0,832,1,2001,3.0,0.0,1280,2.0,315,3.0,1.0,1.0,,0.0,0.0,40.076166,-81.115665,2010-06-07 10:34:38,2010-09-24 11:01:27
226147574010661,2001,39,15,6481.0,648,1,2001,3.0,0.00532,900,2.0,0,4.0,1.0,2.0,,0.0,5.32,39.100364,-83.906418,2010-06-07 10:33:22,2010-09-24 11:01:27
226147890010661,2001,39,37,14591.0,1459,1,2001,4.0,0.06598417,1000,2.0,0,4.0,1.0,1.0,,0.0,65.98416666666667,40.206339,-84.579981,2010-06-07 10:34:49,2010-09-24 11:01:27
226147876010661,2001,39,41,2511.0,251,1,2001,3.0,0.0,975,2.0,0,5.0,1.0,1.0,,0.0,0.0,40.245601,-82.99479,2010-06-07 10:34:45,2010-09-24 11:01:27
226148176010661,2001,39,43,9581.0,958,1,2001,3.0,0.0,620,1.0,0,4.0,1.0,2.0,,0.0,0.0,41.358468,-82.723817,2010-06-07 10:36:04,2010-09-24 11:01:28
226147570010661,2001,39,47,12131.0,1213,1,2001,5.0,0.0,837,1.0,0,4.0,1.0,1.0,,0.0,0.0,39.586292,-83.305128,2010-06-07 10:33:21,2010-09-24 11:01:28
226147583010661,2001,39,57,14351.0,1435,1,2001,4.0,0.0387975,863,2.0,0,4.0,1.0,1.0,,0.0,38.7975,39.609909,-84.010468,2010-06-07 10:33:24,2010-09-24 11:01:28
226147853010661,2001,39,59,4441.0,444,1,2001,3.0,0.0,1182,2.0,80,3.0,1.0,1.0,,0.0,0.0,40.124263,-81.697137,2010-06-07 10:34:39,2010-09-24 11:01:28
226147557010661,2001,39,73,12521.0,1252,1,2001,4.0,0.0,963,2.0,0,1.0,1.0,1.0,,0.0,0.0,39.397222,-82.641754,2010-06-07 10:33:18,2010-09-24 11:01:28
226148172010661,2001,39,77,13861.0,1386,1,2001,3.0,0.0,930,1.0,0,4.0,1.0,1.0,,0.0,0.0,41.046154,-82.746779,2010-06-07 10:36:03,2010-09-24 11:01:28
226147327010661,2001,39,79,3701.0,370,1,2001,5.0,0.0,665,2.0,0,4.0,1.0,1.0,,0.0,0.0,38.958645,-82.515822,2010-06-07 10:32:14,2010-09-24 11:01:28
226147872010661,2001,39,83,12991.0,1299,1,2001,3.0,0.0,945,2.0,192,1.0,1.0,1.0,,0.0,0.0,40.391467,-82.307617,2010-06-07 10:34:44,2010-09-24 11:01:28
226147868010661,2001,39,103,4691.0,469,1,2001,2.0,0.0,900,2.0,0,4.0,1.0,1.0,,0.0,0.0,41.014799,-81.995871,2010-06-07 10:34:43,2010-09-24 11:01:28
226148158010661,2001,39,103,5321.0,532,1,2001,5.0,0.0499775,1100,1.0,0,4.0,1.0,2.0,,0.0,49.9775,41.191984,-81.811566,2010-06-07 10:36:00,2010-09-24 11:01:28
226147317010661,2001,39,105,7461.0,746,1,2001,4.0,0.0,656,2.0,0,3.0,1.0,1.0,,0.0,0.0,39.118137,-81.838284,2010-06-07 10:32:12,2010-09-24 11:01:28
226147541010661,2001,39,111,10871.0,1087,1,2001,3.0,0.01169222,1054,1.0,150,3.0,1.0,1.0,,0.0,11.692222222222222,39.765268,-81.300358,2010-06-07 10:33:13,2010-09-24 11:01:28
226147560010661,2001,39,119,11801.0,1180,1,2001,2.0,0.0,780,2.0,0,4.0,1.0,1.0,,0.0,0.0,39.932034,-82.047912,2010-06-07 10:33:18,2010-09-24 11:01:28
226148163010661,2001,39,133,311.0,31,1,2001,4.0,0.00278667,1200,2.0,0,1.0,1.0,1.0,,0.0,2.7866666666666666,41.258753,-81.177975,2010-06-07 10:36:01,2010-09-24 11:01:28
226147578010661,2001,39,135,2871.0,287,1,2001,3.0,0.0,955,2.0,0,1.0,1.0,1.0,,0.0,0.0,39.576402,-84.698738,2010-06-07 10:33:23,2010-09-24 11:01:28
226147321010661,2001,39,145,13481.0,1348,1,2001,3.0,0.00359032,900,2.0,0,4.0,1.0,1.0,,0.0,3.5903225806451613,38.872712,-82.905909,2010-06-07 10:32:12,2010-09-24 11:01:28
226147860010661,2001,39,151,13541.0,1354,1,2001,3.0,0.0,1035,1.0,140,3.0,1.0,1.0,,0.0,0.0,40.667702,-81.512756,2010-06-07 10:34:41,2010-09-24 11:01:28
226147856010661,2001,39,157,8191.0,819,1,2001,2.0,0.0,873,1.0,0,4.0,1.0,1.0,,0.0,0.0,40.463445,-81.431996,2010-06-07 10:34:40,2010-09-24 11:01:28
226147546010661,2001,39,163,5741.0,574,1,2001,4.0,0.0,708,2.0,50,3.0,1.0,1.0,,0.0,0.0,39.324782,-82.54242,2010-06-07 10:33:15,2010-09-24 11:01:28
226147537010661,2001,39,167,10111.0,1011,1,2001,3.0,0.0,786,1.0,0,2.0,1.0,2.0,,0.0,0.0,39.362711,-81.334896,2010-06-07 10:33:12,2010-09-24 11:01:28
226147885010661,2001,39,169,12741.0,1274,1,2001,3.0,0.0,993,2.0,60,1.0,1.0,1.0,,0.0,0.0,40.693823,-82.089251,2010-06-07 10:34:47,2010-09-24 11:01:28
226147895010661,2001,39,175,6571.0,657,1,2001,4.0,0.0,780,2.0,0,4.0,1.0,1.0,,0.0,0.0,40.880481,-83.404792,2010-06-07 10:34:50,2010-09-24 11:01:28
226147881010661,2001,39,41,8681.0,868,1,2001,4.0,0.0,871,1.0,0,4.0,1.0,1.0,,0.0,0.0,40.348801,-83.135991,2010-06-07 10:34:47,2010-09-24 11:01:28
226147564010661,2001,39,71,8741.0,874,1,2001,3.0,0.0,1122,2.0,0,4.0,1.0,1.0,,0.0,0.0,39.323019,-83.602994,2010-06-07 10:33:19,2010-09-24 11:01:28
226148168010661,2001,39,85,2351.0,235,1,2001,4.0,0.03134545,975,2.0,0,4.0,1.0,1.0,,0.0,31.345454545454544,41.687595,-81.261132,2010-06-07 10:36:02,2010-09-24 11:01:28
226147552010661,2001,39,131,8671.0,867,1,2001,5.0,0.0,637,2.0,0,4.0,1.0,1.0,,0.0,0.0,39.11922,-83.063307,2010-06-07 10:33:16,2010-09-24 11:01:28
226147865010661,2001,39,151,4531.0,453,1,2001,4.0,0.0,1215,1.0,0,4.0,1.0,1.0,,0.0,0.0,40.885044,-81.228732,2010-06-07 10:34:43,2010-09-24 11:01:28
226148186010661,2001,39,173,9181.0,918,1,2001,5.0,0.0,629,1.0,0,4.0,1.0,1.0,,0.0,0.0,41.325164,-83.838499,2010-06-07 10:36:07,2010-09-24 11:01:28
226149908010661,2002,39,131,8671.0,867,1,2002,5.0,0.0,637,1.0,0,4.0,1.0,1.0,,0.0,0.0,39.11922,-83.063307,2010-06-07 12:01:46,2010-09-24 11:01:11
226150172010661,2002,39,157,8191.0,819,1,2002,3.0,0.0,873,1.0,200,3.0,1.0,1.0,,0.0,0.0,40.463445,-81.431996,2010-06-07 12:02:58,2010-09-24 11:01:11
226150208010661,2002,39,175,6571.0,657,1,2002,3.0,0.0,780,1.0,0,1.0,1.0,1.0,,0.0,0.0,40.880481,-83.404792,2010-06-07 12:03:06,2010-09-24 11:01:11
226077808010661,1999,39,1,11491.0,1149,1,1999,3.0,0.0,775,2.0,270,3.0,1.0,1.0,,0.0,0.0,38.86438,-83.383589,2010-06-07 09:41:49,2010-09-24 11:01:16
226077792010661,1999,39,79,1841.0,184,1,1999,2.0,0.01214286,700,2.0,0,5.0,1.0,1.0,,1.0,12.142857142857142,39.17169,-82.631752,2010-06-07 09:41:44,2010-09-24 11:01:16
226077804010661,1999,39,131,4601.0,460,1,1999,3.0,0.0,1400,2.0,90,1.0,1.0,1.0,,0.0,0.0,39.175657,-83.265439,2010-06-07 09:41:48,2010-09-24 11:01:16
226157999010661,2005,39,1,3921.0,392,1,2005,3.0,0.0,95,1.0,0,4.0,1.0,1.0,,0.0,0.0,38.8244,-83.642943,2010-06-07 12:58:59,2010-09-24 11:01:22
226158852010661,2005,39,7,7431.0,743,1,2005,3.0,0.0,1042,1.0,0,4.0,1.0,1.0,,0.0,0.0,41.543792,-80.776385,2010-06-07 13:02:59,2010-09-24 11:01:22
226158263010661,2005,39,13,15641.0,1564,1,2005,3.0,0.0,1237,1.0,0,4.0,1.0,1.0,,0.0,0.0,40.018719,-81.045819,2010-06-07 13:00:17,2010-09-24 11:01:22
226158308010661,2005,39,15,6481.0,648,1,2005,3.0,0.0,924,1.0,0,4.0,1.0,1.0,,0.0,0.0,39.100364,-83.906418,2010-06-07 13:00:28,2010-09-24 11:01:22
226158609010661,2005,39,37,4851.0,485,1,2005,3.0,0.00377778,1013,1.0,0,4.0,1.0,1.0,,0.0,3.7777777777777777,40.199578,-84.501766,2010-06-07 13:01:51,2010-09-24 11:01:22
226158601010661,2005,39,41,8681.0,868,1,2005,3.0,0.0,936,2.0,0,4.0,1.0,1.0,,0.0,0.0,40.348801,-83.135991,2010-06-07 13:01:50,2010-09-24 11:01:22
226158613010661,2005,39,41,8921.0,892,1,2005,3.0,0.0,1028,1.0,0,4.0,1.0,1.0,,0.0,0.0,40.286902,-82.928937,2010-06-07 13:01:52,2010-09-24 11:01:22
226158872010661,2005,39,43,9581.0,958,1,2005,3.0,0.0,610,1.0,0,4.0,1.0,1.0,,0.0,0.0,41.358468,-82.723817,2010-06-07 13:03:03,2010-09-24 11:01:22
226158304010661,2005,39,47,12131.0,1213,1,2005,3.0,0.0,834,1.0,0,4.0,1.0,1.0,,0.0,0.0,39.586292,-83.305128,2010-06-07 13:00:27,2010-09-24 11:01:22
226158316010661,2005,39,57,14351.0,1435,1,2005,3.0,0.0,865,1.0,0,4.0,1.0,1.0,,0.0,0.0,39.609909,-84.010468,2010-06-07 13:00:30,2010-09-24 11:01:22
226158585010661,2005,39,59,3181.0,318,1,2005,3.0,0.0,784,1.0,12,3.0,1.0,1.0,,0.0,0.0,40.111286,-81.622874,2010-06-07 13:01:46,2010-09-24 11:01:22
226158300010661,2005,39,71,8741.0,874,1,2005,3.0,0.00146667,1121,1.0,0,4.0,1.0,1.0,,0.0,1.4666666666666666,39.323019,-83.602994,2010-06-07 13:00:27,2010-09-24 11:01:22
226158292010661,2005,39,73,1881.0,188,1,2005,3.0,0.0,1142,2.0,0,1.0,1.0,1.0,,0.0,0.0,39.468412,-82.604922,2010-06-07 13:00:25,2010-09-24 11:01:22
226158868010661,2005,39,77,13861.0,1386,1,2005,3.0,0.0,942,1.0,0,4.0,1.0,1.0,,0.0,0.0,41.046154,-82.746779,2010-06-07 13:03:02,2010-09-24 11:01:22
226157988010661,2005,39,79,3701.0,370,1,2005,3.0,0.0,649,1.0,0,4.0,1.0,1.0,,0.0,0.0,38.958645,-82.515822,2010-06-07 12:58:57,2010-09-24 11:01:22
226158860010661,2005,39,85,2351.0,235,1,2005,3.0,1.361e-05,972,2.0,0,4.0,1.0,1.0,,0.0,0.01361111111111111,41.687595,-81.261132,2010-06-07 13:03:01,2010-09-24 11:01:22
226158597010661,2005,39,89,1221.0,122,1,2005,3.0,0.0,1130,1.0,240,3.0,1.0,1.0,,0.0,0.0,40.151518,-82.383651,2010-06-07 13:01:49,2010-09-24 11:01:22
226158856010661,2005,39,103,5321.0,532,1,2005,3.0,0.01028444,1170,1.0,0,4.0,1.0,1.0,,0.0,10.284444444444444,41.191984,-81.811566,2010-06-07 13:03:00,2010-09-24 11:01:22
226158864010661,2005,39,103,6151.0,615,1,2005,3.0,0.0,955,1.0,0,4.0,1.0,1.0,,0.0,0.0,41.016574,-81.955158,2010-06-07 13:03:02,2010-09-24 11:01:22
226157973010661,2005,39,105,7461.0,746,1,2005,3.0,0.0,661,1.0,105,1.0,1.0,1.0,,0.0,0.0,39.118137,-81.838284,2010-06-07 12:58:53,2010-09-24 11:01:22
226158280010661,2005,39,111,4841.0,484,1,2005,3.0,0.0,1013,2.0,140,3.0,1.0,1.0,,0.0,0.0,39.708849,-81.149776,2010-06-07 13:00:22,2010-09-24 11:01:22
226158296010661,2005,39,119,11801.0,1180,1,2005,3.0,0.0,790,1.0,310,1.0,1.0,1.0,,0.0,0.0,39.932034,-82.047912,2010-06-07 13:00:26,2010-09-24 11:01:22
226158288010661,2005,39,131,8671.0,867,1,2005,3.0,0.00156444,712,1.0,0,4.0,1.0,1.0,,0.0,1.5644444444444445,39.11922,-83.063307,2010-06-07 13:00:24,2010-09-24 11:01:22
226158312010661,2005,39,135,2871.0,287,1,2005,3.0,0.00021,951,1.0,0,4.0,1.0,1.0,,0.0,0.21,39.576402,-84.698738,2010-06-07 13:00:29,2010-09-24 11:01:22
226158003010661,2005,39,145,4511.0,451,1,2005,3.0,0.00436111,552,1.0,0,4.0,1.0,1.0,,0.0,4.361111111111111,38.809355,-82.932933,2010-06-07 12:59:00,2010-09-24 11:01:22
